Country_Year,Cell Subscriptions,Cell Subscriptions per 100 People,Telephone Lines,Telephone Lines per 100 People,CO2 Cement,CO2 Coal,CO2 Gas,CO2 Oil,CO2 Flaring,CO2 Other,CO2 Total
Canada_1992,775831.0,2.76988848091968,15814928.0,56.4627952399094,4.804,106.927,132.129,203.785,12.914,2.962,463.521
Canada_1994,1332982.0,4.64837108660193,16716802.0,58.2947849837802,5.769,102.541,140.362,212.18,14.179,3.236,478.267
Canada_1995,1865779.0,6.4356647042348,17250407.0,59.502135817578,6.529,104.352,147.531,214.874,14.455,3.21,490.951
Canada_1996,2589780.0,8.84037866114507,17567000.0,59.9660712262568,6.185,106.282,154.2,221.514,15.601,3.218,507.0
Canada_1997,3497779.0,11.8222655785259,17974000.0,60.7509512488995,6.657,113.174,152.77,229.521,15.709,3.447,521.278
Canada_1998,4195000.0,14.0458363687853,18660000.0,62.4780230373145,6.828,119.352,149.483,232.639,17.329,3.356,528.987
Canada_1999,5346000.0,17.7368955495919,19294000.0,64.0134049258936,7.118,119.697,162.378,235.503,15.776,3.258,543.73
Canada_2000,6911038.0,22.7219698376468,20380000.0,67.0049485028504,7.232,129.348,173.189,237.665,15.759,3.359,566.552
Canada_2001,8727000.0,28.4290946227574,20840000.0,67.8884303813756,6.983,126.825,165.583,241.582,15.227,2.842,559.042
Canada_2002,10649000.0,34.3662595813416,21126000.0,68.1774438835029,7.148,124.207,172.158,242.477,15.756,2.923,564.669
Canada_2003,11872000.0,37.9494194844825,20622000.0,65.9192156847201,7.248,123.322,175.184,258.366,15.3,2.924,582.344
Canada_2004,13291000.0,42.0712688116672,20612000.0,65.2451277365198,7.52,115.671,171.315,267.37,15.811,3.072,580.759
Canada_2005,15020000.0,47.0638664815028,20563000.0,64.4323759293704,7.614,116.765,171.842,261.125,15.53,2.976,575.852
Canada_2008,20277400.0,61.4731075542007,18282026.0,55.4239177905794,6.988,112.632,184.155,257.766,15.126,2.7,579.367
Canada_2011,25825400.0,75.6760779974588,18394000.0,53.8998729423458,6.02,87.053,197.435,262.234,14.724,2.404,569.87
Canada_2012,27387200.0,79.412158882078,18202000.0,52.7786745622621,6.532,81.577,198.953,264.179,15.512,2.51,569.263
Argentina_1995,241163.0,0.701068622153627,4986887.0,14.4970414115177,2.621,3.701,53.195,62.836,5.412,0.0,127.765
Argentina_1996,405395.0,1.16381892109268,5714158.0,16.4043592015518,2.422,3.1,57.542,65.921,5.778,0.0,134.762
Argentina_1997,667020.0,1.89150032880493,6262637.0,17.7592575105483,3.169,2.777,61.504,66.868,3.323,0.0,137.641
Argentina_1999,2670862.0,7.39659559567715,7095464.0,19.6499398964401,3.29,2.154,67.621,72.725,1.495,0.0,147.285
Argentina_2000,3848869.0,10.540642447322,7223168.0,19.7816114876702,2.771,1.656,69.438,67.434,1.059,0.0,142.358
Argentina_2001,6487950.0,17.5810590485609,7894205.0,21.3917314785787,2.481,1.29,64.809,64.336,1.088,2.84e-14,134.004
Argentina_2002,6741791.0,18.0874244208887,8131435.0,21.8156742022808,1.729,1.099,62.62,57.497,1.447,0.0,124.392
Argentina_2003,6566740.0,17.4519490973966,7708568.0,20.4865026405523,2.28,1.99,69.07,59.357,1.935,0.0,134.631
Argentina_2004,7842233.0,20.6535373030331,8603869.0,22.6594044504812,2.701,2.198,82.911,67.812,1.422,0.0,157.043
Argentina_2006,22156426.0,57.3289942567057,9441673.0,24.4300058678549,3.764,3.866,83.869,81.912,1.198,0.0,174.609
Argentina_2007,31510390.0,80.8188264138509,9459794.0,24.2627733010219,3.998,3.66,87.178,77.952,1.458,2.84e-14,174.246
Argentina_2010,52482780.0,131.129449217276,9768135.0,24.405912995272,4.178,3.99,86.928,90.145,1.491,0.001,186.733
Argentina_2012,60722729.0,149.090622449436,9722525.0,23.8714123673559,4.184,5.009,95.381,85.587,1.554,0.0,191.715
Argentina_2013,64327647.0,156.56475598674,9455639.0,23.0137410860637,4.581,4.84,91.338,87.487,1.887,2.84e-14,190.133
Bolivia_1992,295.0,0.0042404943927727,204059.0,2.93325778066036,0.271,0.0,1.821,3.408,1.121,0.0,6.621
Bolivia_1994,2659.0,0.036460893668982,231739.0,3.17766492589553,0.346,0.0,2.207,4.175,1.866,0.0,8.594
Bolivia_1995,4056.0,0.0543424887118084,242823.0,3.25335457013497,0.402,0.0,2.451,5.023,1.924,0.0,9.8
Bolivia_1996,7229.0,0.0946778947743408,246881.0,3.23338958912492,0.42,0.0,3.1,5.474,1.092,0.0,10.086
Bolivia_1999,239272.0,2.93577567411113,452381.0,5.55054137228789,0.539,0.0,3.448,6.035,0.7,0.0,10.722
Bolivia_2000,420344.0,5.05074973493249,502568.0,6.03873302053925,0.481,0.0,2.711,4.946,0.502,0.001,8.641
Bolivia_2001,582620.0,6.85816850339442,510755.0,6.01222727326768,0.437,0.0,2.433,5.078,0.344,0.0,8.292
Bolivia_2002,779917.0,8.99655164697097,524391.0,6.04899074479304,0.444,0.0,2.557,4.932,0.451,0.0,8.384
Bolivia_2005,1800789.0,19.6001898208566,625428.0,6.80729808949226,0.613,0.0,3.701,6.614,0.249,0.0,11.176
Bolivia_2006,2421402.0,25.8843113131579,646291.0,6.9087237240624,0.691,0.0,4.204,6.484,0.169,0.0,11.548
Bolivia_2008,3254410.0,33.6322513118439,678198.0,7.00874369707256,0.803,0.0,5.037,7.542,0.172,0.0,13.554
Bolivia_2009,5038600.0,51.2360157484703,788972.0,8.02282019154172,0.911,0.0,5.511,7.669,0.139,0.0,14.229
Bolivia_2013,9493207.0,90.4434950079957,879330.0,8.37753548041045,1.199,0.004,7.346,10.354,0.191,0.0,19.094
Saudi Arabia_1993,15828.0,0.091684168314014,1568370.0,9.08483062033423,7.398,0.0,119.721,212.794,0.729,0.0,340.642
Saudi Arabia_1994,15910.0,0.0895929383420385,1614676.0,9.09261893842673,7.246,0.0,124.521,195.159,1.213,0.0,328.139
Saudi Arabia_1995,15959.0,0.0877012164250491,1675654.0,9.20840241290177,7.612,0.0,75.896,178.451,0.462,0.0,262.421
Saudi Arabia_1999,627321.0,3.25323932289459,2167037.0,11.23809020034,7.842,0.0,82.403,135.143,0.597,0.001,225.986
Saudi Arabia_2000,836628.0,4.26400862925732,2706182.0,13.7924900915829,8.696,0.0,88.183,198.371,1.114,0.0,296.364
Saudi Arabia_2003,5007965.0,22.9457741474002,3417000.0,15.6562017229886,11.545,0.0,97.902,216.839,0.231,0.0,326.517
Saudi Arabia_2005,9175764.0,38.4901845197943,3695133.0,15.5002189458209,11.527,0.0,127.254,256.689,0.385,0.0,395.855
Saudi Arabia_2006,14164184.0,57.3679447690442,3844000.0,15.5690140492531,12.391,0.0,135.0,283.766,0.136,0.0,431.292
Saudi Arabia_2007,19700000.0,77.6448434995264,3951000.0,15.5723236886614,14.179,0.0,113.478,258.466,0.385,0.0,386.507
Saudi Arabia_2008,28400000.0,109.586402395713,3996000.0,15.4192698582137,18.37,0.0,125.151,288.815,0.0,0.0,432.336
Saudi Arabia_2009,36000000.0,136.53762874645,4100000.0,15.5501188294568,20.185,0.0,119.593,326.067,0.0,0.0,465.844
Saudi Arabia_2012,53705808.0,193.452684213317,4633158.0,16.6890115773773,25.374,0.0,151.587,386.219,0.0,0.0,563.18
Saudi Arabia_2013,53012322.0,187.403116991373,4801824.0,16.9748607662193,28.223,0.0,153.199,359.383,0.0,0.0,540.805
Spain_1993,180296.0,0.461351558736282,13792156.0,35.2921455214423,9.914,82.449,14.172,130.039,1.838,2.797,241.209
Spain_1994,257261.0,0.65632916113775,14253470.0,36.3637240327997,11.499,82.941,15.21,138.902,2.089,3.047,253.688
Spain_1995,411930.0,1.04784233459058,14685406.0,37.3558374176452,12.365,85.879,18.878,145.223,1.863,3.25,267.458
Spain_1999,6437444.0,16.2030037698016,16288605.0,40.9983105437204,14.432,83.531,32.501,163.251,1.994,3.831,299.54
Spain_2000,15003708.0,37.5612058793694,16480426.0,41.2581125922814,14.728,88.321,37.151,164.907,2.133,4.145,311.385
Spain_2003,33530997.0,81.0970795326103,17640745.0,42.6653851145404,16.038,84.293,51.271,179.717,1.9,4.482,337.701
Spain_2004,37219839.0,88.5852043885138,17759164.0,42.2677586732478,16.292,87.397,58.846,185.141,2.234,4.702,354.612
Spain_2005,38622582.0,90.4291964601233,17934477.0,41.9909871391447,16.792,87.766,68.908,189.185,2.297,4.733,369.681
Spain_2006,42694115.0,98.4019305847169,19460832.0,44.8535691531453,16.745,77.952,74.005,184.585,2.416,5.0,360.703
Spain_2011,51389417.0,111.275766998416,20181424.0,43.6997258544545,9.523,54.215,68.042,147.002,2.739,3.209,284.73
Spain_2013,50665099.0,108.364017518641,19574626.0,41.8667910781115,7.642,49.191,59.063,130.195,3.834,2.801,252.726
Oman_1994,5616.0,0.274767211112807,147784.0,7.23044827761665,0.486,0.0,8.416,5.276,0.876,0.0,15.054
Oman_1995,6751.0,0.320066981281463,157840.0,7.48324282705763,0.473,0.0,6.876,7.678,0.692,0.0,15.719
Oman_1997,15000.0,0.689338868877637,197687.0,9.08488886478756,0.5,0.0,7.497,5.518,1.733,0.0,15.248
Oman_1999,98000.0,4.51376814431162,219956.0,10.1309223056143,0.474,0.0,9.754,7.738,2.59,0.001,20.557
Oman_2000,121000.0,5.57016637304371,220373.0,10.1447460671633,0.479,0.0,11.029,8.163,1.865,3.55e-15,21.536
Oman_2002,323000.0,14.4259219972979,230507.0,10.2949721418921,0.631,0.0,15.314,6.226,3.064,0.0,25.235
Oman_2005,806280.0,32.7223893172121,242745.0,9.85165996280034,0.936,0.0,18.892,6.87,2.77,0.0,29.467
Oman_2008,2500000.0,97.286144624026,294921.0,11.476690823465,1.429,0.0,28.692,9.289,2.701,0.0,42.11
Oman_2009,3219349.0,124.130343166419,301010.0,11.6062205733282,1.438,0.0,28.729,7.709,2.777,0.001,40.654
Oman_2012,4809248.0,158.995283614577,287323.0,9.49899066839374,2.121,0.0,41.637,12.715,2.495,0.0,58.968
Tanzania_1992,0.0,0.0,76369.0,0.289964048467497,0.221,0.011,0.0,1.946,0.0,0.0,2.178
Tanzania_1993,0.0,0.0,81306.0,0.29852292723712,0.221,0.264,0.0,1.941,0.0,0.0,2.426
Tanzania_1997,9038.0,0.0293627907295581,92760.0,0.301360087195598,0.252,0.073,0.0,2.499,0.0,0.0,2.824
Tanzania_2000,50950.0,0.153542046246262,149611.0,0.450865143885171,0.337,0.209,0.0,2.026,0.0,0.0,2.572
Tanzania_2001,110518.0,0.324856956885305,173591.0,0.510253931510496,0.362,0.205,0.0,2.473,0.0,0.001,3.041
Tanzania_2002,275560.0,0.789674328975987,177802.0,0.509528505735914,0.412,0.209,0.0,2.865,0.0,0.0,3.486
Tanzania_2004,1298000.0,3.53093214894952,147006.0,0.399898468018854,0.51,0.172,0.245,3.294,0.011,0.0,4.232
Tanzania_2005,1942000.0,5.14230862489345,148360.0,0.39284907702842,0.541,0.081,0.678,4.056,0.004,0.0,5.359
Tanzania_2012,25666455.0,55.3698039118312,161063.0,0.347458452187935,0.987,0.209,1.858,6.004,0.004,0.0,9.062
Tanzania_2013,27219283.0,56.9642384284471,176367.0,0.369099062562005,0.913,0.227,1.868,6.897,0.004,0.0,9.909
Gabon_1992,0.0,0.0,26288.0,2.70302784772641,0.047,0.0,0.198,1.037,3.635,0.0,4.917
Gabon_1993,280.0,0.0280329948349207,27630.0,2.7662558831745,0.054,0.0,0.205,1.081,3.635,0.0,4.975
Gabon_1994,1200.0,0.117009357823392,29834.0,2.9090476510859,0.051,0.0,0.194,0.707,3.422,0.001,4.375
Gabon_1995,2581.0,0.2451622953498,31398.0,2.98241214621969,0.063,0.0,0.257,0.862,3.425,0.0,4.606
Gabon_1996,4000.0,0.370206862339504,32000.0,2.96165489871603,0.075,0.0,0.242,1.015,3.422,0.0,4.754
Gabon_1998,9500.0,0.835229450717946,37253.0,3.27524239237849,0.079,0.0,0.231,1.221,3.425,8.88e-16,4.956
Gabon_1999,9694.0,0.831015194702214,38698.0,3.31737425258781,0.073,0.0,0.231,1.06,3.425,0.0,4.788
Gabon_2000,8891.0,0.743444999201451,37978.0,3.17563313234425,0.085,0.0,0.234,1.041,3.309,0.0,4.669
Gabon_2001,120000.0,9.79170593548734,38974.0,3.18018289274737,0.097,0.0,0.245,1.257,3.173,0.0,4.772
Gabon_2002,150000.0,11.9493443394761,37233.0,2.96606625194476,0.103,0.0,0.256,1.183,3.001,0.001,4.544
Gabon_2004,300000.0,22.7994710522716,38415.0,2.91947226824338,0.103,0.0,0.267,1.212,3.075,0.001,4.658
Gabon_2005,489367.0,36.3267699730908,38654.0,2.8693699545328,0.103,0.0,0.278,1.4,3.078,0.0,4.859
Gabon_2006,736690.0,53.4040370723433,39128.0,2.83646196170254,0.102,0.0,0.289,1.444,2.308,0.0,4.143
Gabon_2007,897987.0,63.5559877614026,36476.0,2.58162780706727,0.089,0.0,0.311,1.576,2.114,0.0,4.09
Gabon_2008,1169000.0,80.7661801811263,26497.0,1.83067705411403,0.088,0.0,0.348,1.612,2.114,0.001,4.163
Gabon_2009,1300000.0,87.6694296024596,33165.0,2.23658202520429,0.096,0.0,0.462,1.559,2.116,0.0,4.233
Gabon_2010,1450000.0,95.4477982825979,36460.0,2.40001843129898,0.086,0.0,0.619,1.964,2.114,8.88e-16,4.783
Gabon_2011,1610000.0,103.455676632254,30381.0,1.95222789550591,0.086,0.0,0.696,2.198,1.949,0.001,4.93
Gabon_2012,2370227.0,148.693628868644,22499.0,1.41145044584996,0.076,0.0,0.714,2.312,1.931,0.001,5.034
Gabon_2013,2930000.0,179.471410755544,22611.0,1.38499251487836,0.066,0.0,0.703,2.587,1.913,0.0,5.269
New Zealand_1992,72300.0,2.09808169169807,1493000.0,43.3255320291178,0.477,4.922,8.443,13.303,0.54,0.59,28.275
New Zealand_1993,100200.0,2.86030330062444,1534000.0,43.7894736842105,0.489,4.889,8.182,13.173,0.518,0.612,27.863
Albania_1992,0.0,0.0,41500.0,1.1995041278839,0.081,0.8,0.198,1.416,0.0,4.44e-16,2.495
Albania_1995,0.0,0.0,41500.0,1.22622635192933,0.081,0.161,0.051,1.773,0.0,0.0,2.066
Albania_1996,0.0,0.0,42150.0,1.25526451684377,0.081,0.114,0.044,1.755,0.0,0.0,1.993
Albania_1998,3300.0,0.0990599213464225,86800.0,2.60557611299075,0.033,0.055,0.033,1.623,0.0,2.22e-16,1.744
Albania_2000,11008.0,0.331772023673718,140392.0,4.23129886878639,0.073,0.07,0.022,2.84,0.0,0.0,3.004
Albania_2002,392650.0,11.9488728833469,197496.0,6.01007156238246,0.0,0.084,0.026,3.638,0.0,4.44e-16,3.748
Albania_2005,1259590.0,39.1639566854891,274557.0,8.53669722345988,0.194,0.073,0.022,3.91,0.0,0.0,4.199
Albania_2007,1909885.0,60.0673423758473,256000.0,8.05139558047574,0.348,0.073,0.033,3.375,0.0,4.44e-16,3.829
Albania_2008,2322436.0,73.3503841486794,300000.0,9.47501470206448,0.359,0.103,0.015,3.796,0.0,0.0,4.272
Albania_2010,2463741.0,78.1845877027214,363000.0,11.5194760066451,0.502,0.429,0.026,3.492,0.0,0.0,4.448
Albania_2012,3100000.0,98.2915345940227,338844.0,10.7437086283797,0.857,0.627,0.029,3.155,0.0,0.0,4.668
United Arab Emirates_1992,43008.0,2.25408568754121,437503.0,22.9299025892006,1.562,0.0,34.004,20.575,1.616,7.11e-15,57.757
United Arab Emirates_1993,48919.0,2.43018176561381,491549.0,24.41900727132,1.632,0.0,35.597,27.489,0.846,0.002,65.566
United Arab Emirates_1997,193834.0,7.84495772641361,738074.0,29.8717424650216,2.078,0.0,53.157,14.942,2.924,0.0,73.101
United Arab Emirates_1998,309373.0,11.8579467250391,835090.0,32.0081349394192,2.775,0.0,55.905,19.119,2.884,0.0,80.683
United Arab Emirates_2002,1909303.0,60.9591188542909,1052930.0,33.6173383770143,2.599,0.359,69.525,10.31,0.905,0.0,83.698
United Arab Emirates_2004,2972331.0,88.2192615932192,1135758.0,33.7094799026728,3.204,0.476,77.073,29.278,1.77,0.001,111.802
United Arab Emirates_2006,4534143.0,109.285872848186,1236860.0,29.8118794865992,4.588,1.066,82.561,31.694,1.828,0.0,121.737
United Arab Emirates_2007,5519293.0,113.201428571722,1309683.0,26.8617713493554,5.793,0.513,91.296,33.797,1.865,0.0,133.264
United Arab Emirates_2008,7731508.0,133.362864082485,1385523.0,23.8992594371184,7.835,1.378,107.805,35.069,1.883,0.0,153.97
United Arab Emirates_2009,9357735.0,137.641379482793,1595991.0,23.4751681771414,6.83,1.041,113.468,42.3,1.861,0.0,165.5
United Arab Emirates_2013,13775252.0,149.639085818048,1967486.0,21.3725895105083,5.468,6.72,136.411,54.828,1.964,0.0,205.39
India_1995,0.0,0.0,9795304.0,1.0437718987497,31.104,472.395,39.051,216.281,3.29,0.0,762.121
India_1996,76680.0,0.0080225623161133,11978000.0,1.25318533414718,34.079,505.217,39.747,243.16,3.715,0.001,825.919
India_1997,327967.0,0.0337016715399991,14542651.0,1.49439317773691,37.418,528.474,46.024,244.202,3.569,0.0,859.686
India_1998,881839.0,0.0890332656913376,17801696.0,1.7973157568722,39.026,524.872,47.595,262.892,3.312,0.001,877.698
India_1999,1195400.0,0.118621095044457,21593686.0,2.1427695159496,44.592,561.326,42.316,300.51,3.004,0.001,951.749
India_2000,1884311.0,0.183832581111121,26511345.0,2.58643556189897,45.957,573.692,43.873,312.287,3.111,0.0,978.919
India_2002,6540000.0,0.617271780899159,38536187.0,3.63720195390719,49.111,599.45,47.134,324.588,2.744,0.0,1023.027
India_2003,13000000.0,1.2073865423301,41420000.0,3.84691927563944,50.88,626.782,49.988,329.937,2.03,0.0,1059.616
India_2004,33690000.0,3.08012504543367,42000000.0,3.83987093820761,55.545,670.922,49.585,347.518,1.902,0.0,1125.471
India_2006,90140000.0,7.99720675861953,50176509.0,4.45165206233341,64.905,774.666,49.442,368.891,1.839,0.001,1259.744
India_2007,166050000.0,14.5238823400218,40770000.0,3.56602639568015,68.333,843.677,52.696,391.028,2.418,0.0,1358.152
India_2009,346890000.0,29.5310396834432,37900000.0,3.22645911961284,81.268,985.349,112.685,431.61,1.905,0.0,1612.817
India_2010,525090000.0,44.120091078273,37060000.0,3.11392442316707,86.029,1017.376,134.244,438.373,1.865,0.001,1677.888
India_2012,893862478.0,73.1980389481979,32685211.0,2.67657878778089,100.237,1247.112,125.605,488.554,2.077,0.001,1963.586
India_2013,864720917.0,69.9223897713815,30786709.0,2.4894509016209,107.82,1320.664,110.689,495.642,2.121,0.001,2036.937
Turkey_1993,61395.0,0.10999696767053,9410486.0,16.860085093346,13.049,70.419,11.088,73.155,0.231,3.069,171.011
Turkey_1996,437130.0,0.746945780686753,13127000.0,22.4307580424016,14.662,82.558,16.82,82.131,0.208,3.143,199.522
Turkey_1997,806339.0,1.35650245677748,14286478.0,24.0341128305804,15.105,90.41,20.788,81.936,0.206,3.561,212.006
Turkey_2003,23323118.0,35.8694140318014,18890000.0,29.0515715377647,16.022,91.942,43.191,81.716,0.145,3.468,236.484
Turkey_2005,34707549.0,51.9219377600347,19125163.0,28.6109377224107,19.117,102.006,54.853,83.954,0.142,4.129,264.201
Turkey_2008,61975807.0,89.1782973341411,18201006.0,26.1898118543012,24.837,122.73,71.544,85.825,0.135,4.25,309.321
Turkey_2010,62779554.0,88.1226870788596,16534356.0,23.2090192905554,29.284,129.478,71.64,79.712,0.156,4.11,314.38
Turkey_2011,61769635.0,85.6275801231165,16201466.0,22.4591310605437,30.527,135.078,86.019,82.936,0.151,4.771,339.482
Bangladesh_1995,1104.0,0.0009406192198565,262274.0,0.223460113467987,0.069,1.22,13.029,6.723,0.0,0.001,21.042
Bangladesh_1996,2500.0,0.0020855999459746,286605.0,0.239097349006422,0.154,0.678,13.498,7.163,0.0,0.0,21.493
Bangladesh_1999,75000.0,0.0588334392701315,412607.0,0.323667851692415,0.431,0.176,15.616,8.852,0.0,0.0,25.075
Bangladesh_2003,1075000.0,0.784635571337573,605931.0,0.442265131512695,0.835,1.367,21.39,9.867,0.0,0.0,33.459
Bangladesh_2004,1365000.0,0.98070218074972,742048.0,0.533134133202175,0.785,1.451,23.088,10.621,0.0,0.0,35.945
Bangladesh_2005,2781560.0,1.96945467532188,830950.0,0.588345519226161,0.751,1.605,24.722,10.599,0.0,7.11e-15,37.677
Bangladesh_2006,9000000.0,6.2877623795911,1070000.0,0.747545082906942,0.7,1.81,28.257,10.922,0.0,0.0,41.689
Bangladesh_2008,34370000.0,23.4676282299167,1186919.0,0.81042111815608,0.699,2.47,32.225,9.907,0.0,0.0,45.301
Bangladesh_2009,44640000.0,30.1682840815934,1344456.0,0.908600594605796,0.699,3.015,35.442,9.992,0.0,7.11e-15,49.148
Bangladesh_2010,51359315.0,34.3533445125887,1234895.0,0.825999594657235,0.68,3.074,39.397,10.841,0.0,0.0,53.992
Bangladesh_2012,84368700.0,55.192567230597,977700.0,0.639594695442204,0.675,3.422,41.715,14.88,0.0,0.0,60.691
Bangladesh_2013,97180000.0,62.8202390649473,961589.0,0.621601675882112,0.743,3.748,43.332,13.959,0.0,0.0,61.782
France_1992,375000.0,0.656765549462931,29100000.0,50.9650066383235,9.21,77.783,67.717,243.444,4.404,4.421,406.979
France_1994,572000.0,0.993573196841389,30900000.0,53.6737968223757,8.628,61.693,67.437,234.055,4.464,4.749,381.026
France_1995,883000.0,1.52788525557506,31700000.0,54.851599775458,8.487,62.843,68.595,236.788,4.345,4.917,385.975
France_1996,1302496.0,2.24533597035134,32400000.0,55.8534424976225,8.293,65.213,75.67,243.902,4.515,4.81,402.403
France_1997,2462700.0,4.2302639856844,32900000.0,56.5134547971807,7.967,61.191,74.98,241.629,4.46,5.018,395.245
France_1998,5817300.0,9.95800564220226,33700000.0,57.6873790490806,8.532,71.185,76.81,247.937,4.378,5.064,413.906
France_2000,21433500.0,36.3929361282959,33887995.0,57.5400022185369,8.395,65.576,84.029,238.851,4.213,4.837,405.901
France_2001,29052360.0,49.0640786625986,33987106.0,57.3979546686767,8.482,56.032,88.274,248.92,4.175,4.65,410.533
France_2005,44544000.0,73.0199139094822,33703000.0,55.2485218770492,8.906,61.992,94.211,241.967,3.92,4.522,415.518
France_2007,51662000.0,83.5343202408839,34125000.0,55.178055015682,9.251,61.339,88.79,226.955,4.515,4.578,395.428
France_2009,57972000.0,92.6771821238358,35100000.0,56.1127629294597,7.473,45.182,90.131,217.444,4.506,3.895,368.631
France_2013,62260000.0,97.3777528746261,39674000.0,62.0521196201079,7.099,49.317,91.071,202.678,3.05,4.322,357.537
Peru_1994,36300.0,0.157267207166186,673021.0,2.91581633703012,1.471,1.246,1.392,19.65,0.0,3.55e-15,23.759
Peru_1997,200972.0,0.824805563986024,1435147.0,5.88996094350382,1.974,1.264,0.788,23.259,0.0,0.0,27.285
Peru_2001,1273857.0,4.89943492481562,1717117.0,6.60427583299744,1.806,2.059,1.048,20.185,1.883,3.55e-15,26.981
Peru_2002,1793284.0,6.79986218903899,1570956.0,5.95682797874957,1.827,2.796,1.147,19.364,1.876,0.0,27.01
Peru_2003,2306943.0,8.63056810257005,1656624.0,6.19764175029552,1.845,2.766,1.268,18.445,1.887,0.0,26.21
Peru_2004,2930343.0,10.8237241855768,1839165.0,6.79327119445281,2.132,3.25,1.982,20.698,3.646,0.0,31.708
Peru_2006,5583356.0,20.1395931455588,2402626.0,8.66645618171962,2.612,2.869,3.829,18.727,0.396,0.0,28.432
Peru_2007,9120000.0,32.535769368201,2559232.0,9.13010768768858,2.73,3.605,5.346,22.501,0.487,0.0,34.669
Peru_2008,15417247.0,54.4232697846438,2844309.0,10.0404823285176,2.939,3.389,7.431,21.423,5.628,0.0,40.81
Peru_2009,20951834.0,73.1925741506876,3075428.0,10.7436175723376,3.33,3.056,9.386,23.664,11.881,0.001,51.318
Peru_2010,24700361.0,85.3670503139474,3548609.0,12.2643666239342,3.338,3.301,12.579,23.193,14.762,0.0,57.173
Peru_2013,29388077.0,98.0001100447515,3415478.0,11.3895584204243,4.257,3.371,11.864,23.274,0.297,0.0,43.063
Norway_1992,234423.0,5.49983143169042,2198243.0,51.5732924921763,0.653,3.814,7.212,19.985,2.552,0.252,34.468
Norway_1993,282918.0,6.60174392556861,2268486.0,52.9339372918565,0.838,4.195,7.573,20.41,2.712,0.28,36.008
Cuba_1992,0.0,0.0,339057.0,3.17325561817496,0.54,0.172,0.04,19.841,0.0,0.0,20.593
Cuba_1993,234.0,0.0021751475265923,336945.0,3.13207300575921,0.517,0.22,0.044,19.042,0.0,0.0,19.823
Cuba_1997,2427.0,0.0221022993130347,356158.0,3.24347372012023,0.942,0.073,0.07,23.724,0.0,0.0,24.809
Cuba_1998,2994.0,0.0271583125526283,370800.0,3.36349442034555,0.855,0.088,0.231,23.12,0.0,0.0,24.294
Cuba_2000,5136.0,0.0462636849889835,433762.0,3.90720960439865,0.809,0.062,1.103,23.802,0.0,0.0,25.775
Cuba_2002,8579.0,0.0767663806383001,574415.0,5.13996509317509,0.982,0.066,1.121,23.354,0.0,0.001,25.524
Cuba_2005,75797.0,0.672354824376719,768196.0,6.81425764432495,1.066,0.018,1.425,21.933,0.0,0.0,24.442
Cuba_2006,135534.0,1.20025738398194,855958.0,7.58016372185881,1.137,0.073,2.081,21.401,0.0,0.001,24.693
Cuba_2007,152715.0,1.35132863172612,961573.0,8.50866729787366,1.164,0.073,2.338,20.665,0.0,0.0,24.24
Cuba_2008,198252.0,1.75418261046992,1055118.0,9.33594439195468,1.079,0.092,2.228,24.71,0.0,0.0,28.108
Cuba_2009,331736.0,2.93666408323747,1088089.0,9.63221322276079,1.023,0.088,2.217,25.069,0.0,0.0,28.396
Cuba_2010,621156.0,5.50239679484829,1119786.0,9.91941943298621,0.927,0.077,2.059,31.136,0.0,0.001,34.2
Cuba_2013,1681645.0,14.9201616153801,1216522.0,10.7934224218937,0.921,0.037,2.045,25.021,0.0,0.0,28.024
China_1994,638000.0,0.0525923722492988,17332000.0,1.4287319683775,164.377,2380.586,41.568,423.712,0.0,89.759,3100.002
China_1995,1568000.0,0.127903776161997,27295300.0,2.22651271777713,184.637,2569.754,42.436,468.23,0.0,92.852,3357.909
China_1998,13233000.0,1.0527263861642,70310000.0,5.59337959731015,211.369,2444.771,50.501,559.262,0.0,94.552,3360.455
China_1999,23863000.0,1.88607136855488,87420937.0,6.90953049859365,228.322,2378.49,54.572,596.751,0.0,92.205,3350.34
China_2000,43296000.0,3.40132614890962,108715763.0,8.54069122991872,244.388,2396.426,59.796,648.685,0.0,89.857,3439.152
China_2004,269953000.0,20.7208224177185,262747000.0,20.1677104080647,379.992,3835.288,71.521,839.093,0.0,97.861,5223.755
China_2005,334824000.0,25.5510015440261,311756000.0,23.7906423594468,411.649,4424.39,84.957,850.173,0.0,105.386,5876.555
China_2009,641245000.0,47.7567162731978,340359000.0,25.3482338170735,583.56,6028.5,164.404,982.348,0.0,127.721,7886.533
China_2010,747214000.0,55.2980834070778,313732000.0,23.217951354591,639.592,6568.793,199.585,1092.572,0.0,116.11,8616.652
China_2012,986253000.0,72.0713209045364,285115000.0,20.8350338703121,714.782,7464.807,277.599,1176.712,0.0,141.722,9775.622
China_2013,1112155000.0,80.7627145493731,278153000.0,20.1989752687816,748.323,7493.455,320.127,1234.622,0.0,156.217,9952.744
Germany_1992,532251.0,0.65688528771756,33559719.0,41.4182137206609,14.444,454.135,129.384,354.501,3.54,9.889,965.893
Germany_1993,971890.0,1.19067452742911,35420843.0,43.394515325979,14.531,430.617,136.302,361.484,3.317,9.881,956.132
Germany_1994,1774378.0,2.15794982689851,37000000.0,44.9983845579944,15.341,418.041,142.162,350.531,3.22,10.52,939.815
Germany_2000,23446000.0,28.0821087514935,48210000.0,57.742833016698,15.253,373.476,166.433,331.623,2.992,10.075,899.852
Germany_2002,56126000.0,67.1496481821924,52330000.0,62.608079844887,12.823,375.802,173.623,325.521,2.965,9.237,899.971
Germany_2003,59128000.0,70.6552989801298,53670000.0,64.133234614118,13.507,379.537,174.873,320.98,3.002,9.253,901.152
Germany_2004,64800000.0,77.33760058662,54233000.0,64.7260816761445,14.068,375.99,173.357,311.614,2.928,9.132,887.089
Germany_2007,85652000.0,102.282888829324,54400000.0,64.9627463727083,14.449,379.385,174.441,271.173,2.988,9.188,851.624
Germany_2008,96232925.0,115.140360843206,53100000.0,63.5328621755418,13.579,356.219,179.834,293.274,2.944,9.077,854.927
Germany_2010,105000000.0,126.228057746668,53700000.0,64.5566352475814,12.431,343.447,184.004,282.159,2.581,8.327,832.949
Germany_2011,88400000.0,106.48369587659,52900000.0,63.7215781885928,13.393,344.696,168.411,271.43,2.673,8.614,809.217
Germany_2012,90900000.0,109.659567482399,51400000.0,62.0077202265709,13.289,349.767,168.062,271.887,2.657,8.323,813.985
Germany_2013,92400000.0,111.594039820304,50100000.0,60.5071579545155,12.503,356.836,170.536,280.302,2.689,8.588,831.454
Indonesia_1992,24528.0,0.0134927638040372,1295002.0,0.71237590149037,9.777,12.509,52.374,117.107,11.809,0.001,203.577
Indonesia_1994,53438.0,0.0284215536664278,1863947.0,0.991359513677103,12.538,26.648,60.309,113.47,9.889,0.001,222.855
Indonesia_1998,916173.0,0.457970990556762,4982466.0,2.49060481965239,13.077,32.075,48.028,113.174,9.618,0.0,215.971
Indonesia_2001,3669327.0,1.75617395682249,6662605.0,3.18878458790817,18.462,64.629,61.162,149.856,9.233,0.0,303.341
Indonesia_2002,6520947.0,3.07634834492977,7218938.0,3.40563540363856,18.137,66.665,59.764,156.843,9.409,0.0,310.818
Indonesia_2003,11700000.0,5.44089160681318,7750035.0,3.60402567384687,17.811,89.49,62.662,162.447,8.031,0.0,340.441
Indonesia_2004,18495251.0,8.47839679492621,8058139.0,3.69392661233253,19.047,82.216,61.886,173.895,7.35,0.0,344.394
Indonesia_2006,46909972.0,20.897088256074,13507830.0,6.01736269759537,19.047,111.641,57.426,152.499,6.093,0.0,346.706
Indonesia_2008,93386881.0,40.4319806338415,19529507.0,8.45532734745122,20.542,121.845,60.313,158.303,5.291,0.0,366.293
Indonesia_2009,140578243.0,60.0137248638744,30378071.0,12.9685871439526,19.437,128.274,64.541,181.26,8.445,0.0,401.957
Indonesia_2010,163676961.0,68.9204184042257,34809627.0,14.6574938994318,19.437,153.077,73.73,195.674,10.014,0.0,451.931
Indonesia_2011,211290235.0,87.7901449325222,40931063.0,17.0066730864879,21.062,181.281,81.553,211.329,9.537,0.0,504.762
Colombia_1994,0.0,0.0,3139468.0,8.90365116094925,3.92,13.612,8.977,39.56,0.722,0.0,66.791
Colombia_1995,86805.0,0.241692749696412,3513000.0,9.78131017433898,3.896,14.136,8.295,31.793,0.656,0.0,58.775
Colombia_1999,1800229.0,4.66766849747366,6366944.0,16.5083352917762,2.879,9.684,11.201,30.393,0.605,0.0,54.761
Colombia_2004,6186206.0,14.7740697010519,7848266.0,18.7434477475202,3.442,7.281,13.349,29.527,0.971,0.0,54.569
Colombia_2006,21849993.0,50.5973968244647,7678804.0,17.7815843293536,4.117,9.351,14.033,33.973,0.531,7.11e-15,62.005
Colombia_2007,29762715.0,67.8872831756854,7860205.0,17.9287394531695,4.541,8.053,14.033,33.02,0.531,0.001,60.179
Colombia_2008,33941118.0,76.2749348909028,7924098.0,17.8076060729388,4.439,10.768,17.518,33.441,0.484,1.42e-14,66.65
Colombia_2009,41364753.0,91.6101235892505,7928944.0,17.5601565848162,3.93,11.802,20.097,35.735,0.993,0.0,72.557
Colombia_2011,44477653.0,95.7645525770184,7186165.0,15.4724862836092,4.588,13.785,21.051,35.341,1.315,1.42e-14,76.08
Colombia_2012,46200421.0,98.1342533172899,7126730.0,15.1378777943155,5.051,11.541,22.899,38.914,1.323,0.0,79.727
Colombia_2013,49066359.0,102.85493838968,7134096.0,14.9547881583401,4.79,17.803,22.339,41.509,0.986,0.001,87.428
Libya_1992,0.0,0.0,232980.0,5.34417245955112,0.941,0.015,9.215,22.929,3.924,0.0,37.024
Libya_1993,0.0,0.0,235803.0,5.28799470041133,0.94,0.011,8.897,25.533,3.327,0.0,38.708
Libya_1994,0.0,0.0,240000.0,5.26544305083281,1.551,0.015,9.178,29.605,3.404,0.0,43.752
Libya_1996,0.0,0.0,318000.0,6.69809435003104,1.444,0.015,9.757,29.818,3.481,0.0,44.514
Libya_1997,0.0,0.0,380000.0,7.85553424454774,1.025,0.015,10.189,30.72,3.557,0.0,45.506
Libya_1998,10000.0,0.203072610439516,400000.0,8.12290441758065,1.217,0.0,10.189,31.739,2.664,0.0,45.808
Libya_1999,20000.0,0.399262163521812,500000.0,9.98155408804529,1.215,0.0,7.925,33.35,2.565,0.0,45.055
Libya_2001,40000.0,0.77276990679429,605000.0,11.6881448402636,1.208,0.0,10.076,34.563,2.616,0.0,48.463
Libya_2002,50000.0,0.950809490676077,660000.0,12.5506852769242,1.324,0.0,10.431,33.833,2.598,7.11e-15,48.186
Libya_2003,70000.0,1.31076593858612,720000.0,13.482163939743,1.398,0.0,10.563,34.936,2.576,0.001,49.474
Libya_2004,127000.0,2.34204475629088,750000.0,13.8309729702217,1.432,0.0,12.864,34.603,1.729,0.001,50.629
Libya_2005,500000.0,9.07935355002724,799500.0,14.5178863264936,1.435,0.0,11.039,39.543,4.972,0.0,56.989
Libya_2008,4500000.0,77.8262875753964,969000.0,16.7585939245687,2.119,0.0,12.576,31.318,7.578,0.0,53.591
Libya_2011,10900000.0,180.44529262929,1228300.0,20.3340323795006,1.339,0.0,10.168,35.2,2.506,0.0,49.212
Libya_2013,9587000.0,155.769086099993,814000.0,13.2258304042343,0.778,0.0,13.272,21.616,6.248,7.11e-15,41.914
Finland_1995,675565.0,13.2815321501095,2801000.0,55.0673459288992,0.378,24.657,6.509,25.616,0.075,0.905,58.14
Finland_1998,2162574.0,42.0672449863882,2861000.0,55.6533038435016,0.448,23.718,7.592,26.589,0.064,0.959,59.37
Finland_2000,3273433.0,63.3799116322476,2850305.0,55.1873458308001,0.505,21.985,7.717,25.847,0.058,0.926,57.038
Finland_2001,3728625.0,72.0300968881955,2848809.0,55.033688903004,0.504,26.125,8.388,26.467,0.053,0.999,62.536
Finland_2003,4516772.0,86.856673869513,2725607.0,52.4129086647415,0.467,35.015,9.227,26.93,0.056,0.963,72.658
Finland_2008,6080000.0,114.884734520841,1740000.0,32.8781970503722,0.62,23.674,8.359,24.934,0.097,0.933,58.617
Finland_2009,6830000.0,128.424568992668,1650000.0,31.0249690831482,0.385,22.894,7.499,24.222,0.075,0.862,55.937
Finland_2010,7700000.0,144.088794626124,1430000.0,26.7593475734231,0.526,29.141,8.273,25.149,0.096,0.918,64.103
Sweden_1993,656000.0,7.55953101868022,5929000.0,68.3238710514559,1.092,11.052,2.093,42.44,0.345,0.514,57.536
Vietnam_1992,0.0,0.0,137135.0,0.194786248174682,1.769,10.981,0.0,8.717,0.0,0.0,21.466
Vietnam_1994,4060.0,0.0055341203052326,260000.0,0.354401792945932,2.056,10.911,0.0,13.201,0.0,0.001,26.169
Vietnam_1995,12500.0,0.0167229527811374,442000.0,0.591323610341019,2.536,12.549,0.425,13.187,0.0,0.0,28.697
Vietnam_1996,23500.0,0.0309129001676571,775000.0,1.01946798425252,2.85,14.748,0.627,15.982,0.0,0.0,34.206
Vietnam_1997,68910.0,0.0892999772065404,1186367.0,1.53740452849502,3.451,21.528,1.14,18.398,0.0,0.0,44.517
Vietnam_1998,160457.0,0.205189936978171,1332909.0,1.70450347262904,4.168,21.682,1.898,19.044,0.0,0.0,46.791
Vietnam_1999,222700.0,0.281397440665637,1743567.0,2.20312209891811,4.464,20.031,2.158,20.236,0.0,0.001,46.89
Vietnam_2001,788559.0,0.974879066862416,2542718.0,3.14350930131324,6.574,24.952,2.565,25.564,0.0,0.0,59.654
Vietnam_2003,1902388.0,2.30459287760497,3929140.0,4.75984292326949,9.366,31.974,5.206,29.501,0.0,0.001,76.048
Vietnam_2004,2742000.0,3.2896396326953,4402000.0,5.2811793082147,10.301,34.792,8.76,33.891,0.0,0.0,87.743
Vietnam_2005,4960000.0,5.89419088391841,10124899.0,12.0318724569344,11.983,39.458,9.394,33.859,0.0,0.0,94.694
Vietnam_2006,9593200.0,11.2930459972078,9346209.5,11.011713079429544,12.258,42.744,11.212,32.412,0.0,1.42e-14,98.626
Vietnam_2008,45024048.0,52.0189287973301,11165617.0,12.9002935431585,15.363,43.642,13.901,40.421,0.0,0.0,113.327
Vietnam_2009,74872310.0,85.6964553058816,14767629.0,16.9025566136846,19.239,45.489,15.374,43.341,0.0,0.0,123.443
Vietnam_2011,111570201.0,125.293051519518,14374438.0,16.1424572579028,28.223,59.551,16.279,47.178,0.0,0.0,151.231
Vietnam_2012,127318045.0,141.599870213696,10174849.0,11.3162065742052,28.118,52.267,17.957,44.21,0.0,0.0,142.552
Bulgaria_1992,0.0,0.0,2205483.0,25.2187519188639,1.097,31.441,8.872,15.167,0.138,0.65,57.365
Bulgaria_1993,0.0,0.0,2339668.0,27.0371450640039,1.154,33.047,8.147,15.301,0.161,0.616,58.426
Bulgaria_1994,1000.0,0.0116925723401912,2410427.0,28.18409206825,1.441,31.38,8.114,14.658,0.155,0.656,56.404
Bulgaria_1996,20920.0,0.250295640787948,2562915.0,30.6637883465604,1.961,31.471,10.197,13.983,0.16,0.729,58.501
Bulgaria_1997,26588.0,0.321320978726202,2647459.0,31.9950397554345,1.573,34.016,8.228,11.349,0.145,0.545,55.856
Bulgaria_1999,127000.0,1.56184205866033,2757990.0,33.9176754280677,1.106,26.603,6.154,12.047,0.127,0.343,46.38
Bulgaria_2000,350000.0,4.33923009908198,2833395.0,35.1278653331097,1.212,26.382,6.671,10.66,0.124,0.417,45.466
Bulgaria_2001,738000.0,9.22441194373859,2881786.0,36.0200287231689,1.228,30.067,6.181,10.955,0.125,0.426,48.982
Bulgaria_2003,2597548.0,33.0036460255069,2871801.0,36.488220298411,1.273,31.196,5.796,11.666,0.116,0.486,50.533
Bulgaria_2007,8253416.0,108.272022072579,2399424.0,31.4767228853453,1.979,33.368,6.889,12.518,0.14,0.846,55.74
Bulgaria_2008,9897477.0,130.864636795744,2300355.0,30.4153393411547,1.9,32.492,6.718,11.902,0.152,0.915,54.079
Bulgaria_2009,10429012.0,138.975555841617,2189773.0,29.1806088478914,0.983,27.279,5.052,11.41,0.327,0.764,45.815
Bulgaria_2010,10454822.0,140.404853645425,2205394.0,29.6177229799319,0.807,29.299,5.372,11.004,0.374,1.005,47.861
Romania_1992,0.0,0.0,2445276.0,10.469643003634,2.906,43.442,45.852,35.918,1.034,1.083,130.235
Romania_1993,0.0,0.0,2574070.0,11.0503895220772,2.833,38.874,43.636,33.663,1.048,0.964,121.018
Romania_1994,800.0,0.0034486697834019,2603600.0,11.2236958100818,2.771,39.254,42.494,32.629,1.053,0.941,119.142
Romania_1995,2775.0,0.0120219300799348,2805636.0,12.1546521880173,3.146,40.801,44.148,34.067,1.084,1.011,124.257
Romania_1996,9068.0,0.039488733256481,2967957.0,12.924665007687,3.2,40.308,43.681,38.291,1.08,1.012,127.572
Romania_1997,17000.0,0.0744244918219085,3175533.0,13.9022017522765,3.005,35.764,35.926,39.94,1.077,0.955,116.667
Romania_2000,1355500.0,6.02847950672761,3740000.0,16.6333554814912,2.656,28.634,30.948,28.139,0.948,1.039,92.364
Romania_2001,2499000.0,11.1620532710891,3899206.0,17.4162245245899,2.768,30.814,29.631,32.901,0.55,1.185,97.849
Romania_2004,7039898.0,31.7089783471383,4331564.0,19.5101504432655,2.992,34.364,31.967,30.299,0.894,1.249,101.765
Romania_2005,10215388.0,46.1021430341495,4388000.0,19.8030856619296,3.175,34.518,30.539,29.802,1.144,1.081,100.259
Romania_2007,15991000.0,72.4708977748838,4198000.0,19.0252535087838,4.054,40.721,25.429,28.398,1.251,1.507,101.36
Romania_2008,20400000.0,92.6601488730641,4416000.0,20.0581969325221,4.143,38.567,25.959,27.145,1.385,1.381,98.58
Romania_2012,23420000.0,107.387198391338,4680000.0,21.4590985683801,3.15,29.715,23.862,25.337,0.771,1.047,83.882
Romania_2013,22840000.0,104.98860914961,4650000.0,21.3746511622455,2.695,23.77,22.992,23.781,0.501,1.011,74.75
Angola_1992,0.0,0.0,72000.0,0.675883273832137,0.123,0.0,1.066,2.29,1.685,0.0,5.164
Angola_1993,0.0,0.0,48900.0,0.444434022815007,0.102,0.0,1.048,2.968,1.63,0.0,5.748
Angola_1994,1100.0,0.009672748069935,53300.0,0.468688611025033,0.098,0.0,0.971,1.297,1.499,4.44e-16,3.865
Angola_1995,1824.0,0.0155320863611251,53020.0,0.451486413852441,0.081,0.0,1.048,8.416,1.403,0.001,10.949
Angola_1996,1994.0,0.0164725973304149,52740.0,0.435689459982989,0.11,0.0,1.048,7.039,2.228,0.0,10.424
Angola_1999,9820.0,0.0747476202169325,65100.0,0.495526484330174,0.084,0.0,1.048,3.708,4.291,0.0,9.13
Angola_2000,24000.0,0.177638088448373,67200.0,0.497386647655444,0.081,0.0,1.085,3.668,4.683,0.0,9.516
Angola_2001,25806.0,0.18532229605463,64900.0,0.466070565525285,0.221,0.0,0.989,4.302,4.159,0.0,9.671
Angola_2002,75000.0,0.521366176807227,76800.0,0.533878965050601,0.239,0.0,1.158,5.02,6.181,1.78e-15,12.598
Angola_2004,350000.0,2.26962128126606,85043.0,0.551472578922027,0.3,0.0,1.44,5.034,11.926,0.001,18.701
Angola_2005,740000.0,4.63174063003565,94280.0,0.59010879270238,0.521,0.0,1.249,4.734,12.502,0.0,19.006
Angola_2007,3054620.0,17.8398962435718,98165.0,0.573313019213593,0.542,0.0,1.594,8.801,14.04,3.55e-15,24.977
Angola_2008,4961536.0,28.0109823255738,94294.0,0.532348766069148,0.685,0.0,1.271,10.219,13.311,3.55e-15,25.486
Angola_2010,8109421.0,42.8465734823648,303179.0,1.60186298156303,0.578,0.0,1.37,13.37,13.546,0.001,28.865
Angola_2012,10697310.0,53.0081777003433,259065.0,1.28373988936839,1.147,0.0,1.422,17.268,13.964,0.0,33.801
Angola_2013,12785109.0,61.4062757783485,208345.0,1.00067121266154,1.557,0.0,0.766,17.441,13.465,0.0,33.229
South Africa_1992,7100.0,0.0188360778913738,3434788.0,9.11238511385295,3.429,259.668,3.517,34.753,0.0,5.68e-14,301.367
South Africa_1993,12510.0,0.0323676811265423,3458126.0,8.94736368212671,3.587,289.723,3.924,23.156,0.0,0.001,320.391
South Africa_1994,40000.0,0.100950203889127,3593851.0,9.06999977992856,3.853,299.202,3.924,31.646,0.0,0.0,338.625
South Africa_1996,535000.0,1.29143421856522,4002180.0,9.66084523524742,4.381,324.11,3.532,31.65,0.0,0.0,363.673
South Africa_1997,953000.0,2.2580775021957,4258639.0,10.0905948749981,4.766,333.296,3.155,44.243,0.0,0.0,385.46
South Africa_1998,1836000.0,4.27906385736025,4645065.0,10.8259965994494,4.249,325.821,2.656,44.587,0.0,0.0,377.313
South Africa_1999,3337000.0,7.66099950904862,5075417.0,11.6520129293428,3.92,336.747,3.473,30.69,0.0,0.001,374.831
South Africa_2000,5188000.0,11.7386480960107,5492838.0,12.4283909657663,3.871,337.883,3.199,33.302,0.0,5.68e-14,378.255
South Africa_2001,8339000.0,18.5946278806678,4961743.0,11.0638883228814,3.783,337.693,4.155,25.886,0.0,0.0,371.517
South Africa_2002,10787000.0,23.7008076137532,4924458.0,10.8198416297402,4.258,325.528,4.122,22.449,0.0,0.0,356.357
South Africa_2003,13702000.0,29.6658463489293,4917000.0,10.64566971958,4.515,357.445,2.47,39.744,0.0,0.0,404.173
South Africa_2004,16860000.0,35.9725830030015,4910000.0,10.476001337173,4.39,384.086,6.364,54.238,0.0,0.001,449.079
South Africa_2005,20839000.0,43.8226590211664,4903000.0,10.3105953827333,5.062,376.718,6.313,27.832,0.0,0.0,415.925
South Africa_2006,33959958.0,70.4047955261636,4896000.0,10.1502445584914,5.4,382.017,6.126,53.08,0.0,0.0,446.623
South Africa_2008,42300000.0,85.2774818378116,4882000.0,9.84219069343253,4.989,418.3,8.119,63.234,0.0,0.0,494.642
South Africa_2010,46436000.0,91.2486087760702,4868000.0,9.56581590838809,4.819,406.92,8.867,46.324,0.0,0.0,466.93
South Africa_2011,50372000.0,97.900286463095,4861000.0,9.44757588535506,4.433,400.483,8.801,60.232,0.0,0.0,473.949
South Africa_2013,68394000.0,130.557981992108,4847000.0,9.25248616422123,4.659,392.323,9.384,49.501,0.0,0.0,455.866
Austria_1993,172453.0,2.21173070271278,3466493.0,44.4581943998593,2.032,13.274,13.012,31.265,0.112,0.966,60.661
Austria_1996,383535.0,4.80296973015158,3796900.0,47.5481918688322,1.634,15.068,15.784,33.777,0.071,1.021,67.355
Austria_1998,1159700.0,14.470701975662,3969400.0,49.5300546884475,1.599,13.706,15.706,34.66,0.142,1.074,66.887
Austria_2000,4250393.0,53.0778762770449,3939000.0,49.1892760634793,1.712,15.753,15.255,32.163,0.165,1.091,66.139
Austria_2002,6541000.0,81.2603112763124,3997000.0,49.6556282176151,1.736,16.737,16.06,36.057,0.167,1.186,71.943
Austria_2003,6736000.0,83.244725156467,3883000.0,47.9868271648695,1.754,18.023,17.258,39.082,0.184,1.15,77.451
Austria_2005,7992000.0,97.5448169734817,3821000.0,46.6364796866458,1.797,17.862,18.691,39.393,0.16,1.165,79.068
Austria_2006,8665000.0,105.175585572507,3739000.0,45.3839024184194,1.954,17.865,17.487,38.132,0.18,1.178,76.796
Austria_2007,9281000.0,112.124675003349,3605000.0,43.5523600244666,2.131,17.455,16.486,36.624,0.185,1.216,74.097
Austria_2010,11434000.0,136.579009953879,3253000.0,38.8570508465952,1.622,15.501,18.77,34.801,0.184,1.122,72.0
Austria_2012,13022578.0,154.426038997307,3388000.0,40.1760250637682,1.673,14.687,16.937,32.649,0.184,1.133,67.263
Austria_2013,13588000.0,160.539738665691,3380000.0,39.9340827708299,1.656,14.96,16.324,33.468,0.191,1.16,67.759
Japan_1993,1712545.0,1.3902744250043,57652436.0,46.803270752008,41.224,317.584,131.217,671.911,0.212,10.191,1172.339
Japan_1995,4331369.0,3.49018133907856,60690000.0,48.9035003641292,42.142,335.138,142.649,709.194,0.521,9.976,1239.62
Japan_1996,11712137.0,9.4086006151588,62292000.0,50.0404451825889,42.56,343.97,148.448,706.12,0.571,9.862,1251.531
Japan_1998,38253893.0,30.5911931344003,65735000.0,52.567514649811,35.363,327.323,156.33,676.069,0.499,9.41,1204.994
Japan_1999,47307592.0,37.7654504058556,62413286.0,49.8242619725705,35.01,345.193,165.804,685.548,0.539,9.517,1241.611
Japan_2001,66784374.0,53.1237697836292,61957097.0,49.2839022117657,34.374,381.113,169.623,654.633,0.548,9.475,1249.766
Japan_2002,74819158.0,59.3925727331044,61325782.0,48.6813279541251,32.417,398.258,173.419,665.588,0.525,8.913,1279.12
Japan_2003,81118324.0,64.2526009494405,60772460.0,48.1369489475132,31.935,411.672,178.652,655.73,0.506,8.973,1287.468
Japan_2004,86655000.0,68.4892004769672,60219000.0,47.5950743006461,31.276,419.646,177.565,644.611,0.478,9.286,1282.862
Japan_2005,91474000.0,72.1558004286074,59608000.0,47.0195132163066,32.28,430.174,176.001,641.72,0.508,9.688,1290.371
Japan_2006,96484000.0,75.9843650694509,58053000.0,45.7186719598776,31.991,427.283,192.654,604.922,0.553,9.959,1267.362
Japan_2009,110394996.0,86.7071055311163,48426826.0,38.035690607924,25.308,411.06,202.177,515.912,0.501,8.255,1163.213
Japan_2011,123287125.0,96.8075244937818,65618748.0,51.5251576696374,24.983,430.265,247.923,552.341,0.477,8.877,1264.866
Japan_2012,129868418.0,102.002221094593,64837986.0,50.9255343612495,25.625,449.801,257.022,564.169,0.49,8.903,1306.01
Japan_2013,138362823.0,108.733316189089,64273073.0,50.5094086505694,26.805,480.985,256.491,541.441,0.438,9.183,1315.343
United States_1995,24134421.0,9.10492140674173,153447946.0,57.8895797150447,37.075,1942.302,1194.544,2180.865,39.41,27.306,5421.502
United States_1998,55312293.0,20.1423848436203,173867000.0,63.3149673546481,39.461,2094.976,1200.762,2330.846,35.863,29.142,5731.05
United States_1999,69209321.0,24.8906395233348,179850000.0,64.6817719577362,40.239,2100.317,1204.715,2394.437,35.834,29.127,5804.669
United States_2000,86047003.0,30.5761029820539,189502000.0,67.3379951107091,41.445,2179.839,1257.599,2469.14,36.182,26.303,6010.508
United States_2001,109478031.0,38.4680910528825,192513000.0,67.6446913158638,41.613,2115.06,1204.741,2481.985,35.931,25.552,5904.882
United States_2002,128500000.0,44.6905787439685,191570800.0,66.6257581513233,43.164,2119.322,1244.766,2476.57,36.572,26.377,5946.771
United States_2003,141800000.0,48.8510382225371,189250143.0,65.1979264408577,43.349,2158.577,1211.115,2537.209,36.43,25.157,6011.837
United States_2004,160637000.0,54.8468140914012,182933281.0,62.4595059303713,45.886,2190.331,1217.622,2596.286,36.825,27.057,6114.007
United States_2005,184819000.0,62.5471959845904,177690711.0,60.1348114942631,46.194,2214.837,1199.296,2608.477,37.244,28.473,6134.521
United States_2007,229600000.0,76.2935384187826,167459899.0,55.6450707228308,45.509,2208.712,1257.55,2551.51,38.375,29.348,6131.004
United States_2010,274283000.0,88.6236461127594,152873000.0,49.3948318058205,31.449,2013.304,1308.832,2250.504,41.343,30.355,5675.787
United States_2012,297268000.0,94.3972392621283,143319000.0,45.5108452097399,35.27,1684.036,1388.255,2152.124,48.883,30.13,5338.698
United States_2013,304881000.0,96.0239191749343,138072000.0,43.4865228345536,36.369,1740.833,1427.506,2184.125,54.647,30.777,5474.257
Brazil_1992,6700.0,0.0044034467052389,10075924.0,6.62220811045348,9.77,41.203,7.983,163.252,7.445,3.948,233.601
Afghanistan_1992,0.0,0.0,37000.0,0.293370392092701,0.046,0.022,0.363,0.927,0.022,0.0,1.379
Afghanistan_1995,0.0,0.0,29000.0,0.175917308673852,0.047,0.015,0.322,0.824,0.022,2.22e-16,1.23
Afghanistan_1996,0.0,0.0,29000.0,0.164903216312135,0.047,0.007,0.308,0.78,0.022,0.001,1.165
Afghanistan_1998,0.0,0.0,29000.0,0.152461255651975,0.047,0.004,0.265,0.691,0.022,0.0,1.029
Afghanistan_2000,0.0,0.0,29000.0,0.145093795884349,0.01,0.004,0.224,0.498,0.022,0.0,0.758
Afghanistan_2002,0.0,0.0,29000.0,0.13584549439375,0.011,0.055,0.546,0.44,0.0,2.22e-16,1.052
Afghanistan_2004,200000.0,0.865196277129635,36700.0,0.158763516853288,0.01,0.092,0.227,0.561,0.0,0.0,0.889
Afghanistan_2005,600000.0,2.49805547198635,31438.33333333333,0.1353886612931572,0.006,0.106,0.33,0.861,0.0,0.0,1.303
Afghanistan_2006,1200000.0,4.8268653672611,26176.666666666664,0.1120138057330265,0.012,0.161,0.329,1.133,0.0,0.0,1.635
Afghanistan_2009,7898909.0,29.2203737639231,10391.666666666664,0.0418892390526342,0.013,1.513,0.271,4.943,0.0,8.88e-16,6.74
Afghanistan_2010,10500000.0,37.8949369729604,5130.0,0.0185143834925035,0.015,2.246,0.271,5.866,0.0,0.0,8.398
Afghanistan_2012,17558265.0,60.326319991974,13509.0,0.0464139399178437,0.029,3.125,0.308,6.756,0.0,0.001,10.219
Afghanistan_2013,19520813.0,65.4521934557507,90017.0,0.301821962963648,0.036,3.327,0.297,4.782,0.0,0.0,8.441
Kuwait_1994,64311.0,3.65698669209629,357996.0,20.3571178775591,0.405,0.0,14.583,39.278,0.96,0.0,55.226
Kuwait_1995,85195.0,5.1705470298562,372719.0,22.6205894526788,0.784,0.0,17.811,35.035,0.96,7.11e-15,54.59
Kuwait_1996,117609.0,7.4148726170669,382287.0,24.1019769589118,0.798,0.0,17.855,30.301,0.96,0.0,49.914
Kuwait_1997,151063.0,9.52932166909321,391841.0,24.7180244807739,0.792,0.0,17.792,35.105,0.982,0.0,54.671
Kuwait_1998,210000.0,12.8361936651551,411629.0,25.1607122009243,0.528,0.0,17.981,32.092,0.96,0.0,51.56
Kuwait_1999,250000.0,14.5162489083781,427288.0,24.8104758542522,0.559,0.0,16.456,35.928,0.879,0.001,53.823
Kuwait_2000,300000.0,16.4979748735843,455643.0,25.0572892177485,0.459,0.0,20.686,31.277,0.964,0.0,53.385
Kuwait_2002,877920.0,44.3258723096591,472414.0,23.8520168595035,0.588,0.0,18.151,38.798,0.443,0.001,57.981
Kuwait_2003,1227000.0,59.9053232251034,481891.0,23.5271687972847,0.678,0.0,21.152,37.296,0.498,7.11e-15,59.624
Kuwait_2004,1420000.0,67.0965571433499,486904.0,23.0067479291026,0.938,0.0,22.764,38.926,0.48,0.001,63.109
Kuwait_2005,1774567.0,80.7919175621202,496973.0,22.6260274459063,0.747,0.0,25.527,44.888,0.004,0.0,71.166
Kuwait_2006,1382084.0,60.187065009402,504806.0,21.9833176124868,0.776,0.0,26.234,45.881,0.498,0.001,73.39
Kuwait_2010,2618413.0,91.870852341425,528497.0,18.5430907385069,0.717,0.0,28.132,60.005,0.418,0.0,89.272
Kuwait_2012,4934160.0,157.908026517703,514696.0,16.4718269404632,0.835,0.0,34.731,64.072,0.436,0.0,100.074
Ireland_1992,32000.0,0.904570370062565,1048000.0,29.624679619549,0.753,13.765,4.517,14.024,0.0,0.435,33.494
Ireland_1993,44000.0,1.23969293932886,1113000.0,31.3585963971142,0.729,13.196,5.221,13.991,0.0,0.579,33.716
Ireland_1994,61100.0,1.71344521672558,1170000.0,32.8106530862345,0.859,12.557,5.152,15.777,0.0,0.493,34.838
Ireland_1995,88000.0,2.4535457360442,1240000.0,34.5726899169865,0.879,12.668,5.528,16.077,0.0,0.7,35.852
Ireland_1996,158000.0,4.37561861000444,1310000.0,36.2788631588975,0.983,13.074,6.179,16.533,0.0,0.7,37.469
Ireland_1998,545000.0,14.8509496024169,1558000.0,42.4546412487441,1.059,11.893,6.721,20.501,0.0,0.534,40.708
Ireland_1999,946000.0,25.5219315947484,1633000.0,44.0563576048881,1.166,10.289,7.19,23.185,0.038,0.572,42.44
Ireland_2000,1677000.0,44.7095200884913,1737000.0,46.30914513638,1.701,11.107,8.209,23.657,0.0,0.575,45.249
Ireland_2002,2970000.0,76.8267897343888,1860000.0,48.1137471063849,1.86,11.315,8.633,23.796,0.0,0.477,46.081
Ireland_2004,3500000.0,87.267606364252,1955000.0,48.7451915548893,2.295,10.207,8.757,24.455,0.0,0.452,46.166
Ireland_2005,3860000.0,94.4737737377594,2015000.0,49.3172678967837,2.357,11.16,8.4,25.776,0.0,0.463,48.156
Ireland_2007,4690135.0,110.98011312547,2176646.0,51.504790227595,2.374,9.671,10.208,24.828,0.0,0.583,47.664
Ireland_2008,4970719.0,115.853073869308,2258626.0,52.6420352510653,2.107,9.644,10.772,24.387,0.0,0.457,47.367
Ireland_2010,4704497.0,106.667729301187,2131901.0,48.3378007818753,1.105,8.427,11.365,20.275,0.0,0.622,41.794
Ireland_2011,4701474.0,105.235809874784,2077978.0,46.5125825926048,0.966,8.354,9.85,18.365,0.0,0.562,38.097
Pakistan_1993,13500.0,0.0115098007573347,1243569.0,1.06023936429614,3.379,8.464,26.949,38.384,0.0,0.0,77.176
Pakistan_1996,40964.0,0.0323341516879483,2127344.0,1.67917839050011,3.602,9.357,30.403,50.177,0.0,0.0,93.539
Pakistan_2000,265614.0,0.188940993039442,2874000.0,2.0443817494385,3.989,8.189,36.369,55.392,1.48,0.001,105.42
Pakistan_2001,306493.0,0.213090946498184,3053460.0,2.12293488430191,4.414,8.042,37.856,55.088,1.726,0.0,107.126
Pakistan_2002,742606.0,0.505665777191908,3252000.0,2.21439781987768,4.395,10.08,44.77,53.659,0.0,0.0,112.904
Pakistan_2004,2404400.0,1.57748353900126,4047423.0,2.65544133999131,5.941,16.906,60.778,46.335,0.0,0.0,129.96
Pakistan_2006,12771203.0,8.08450250319021,5227831.0,3.30935251798561,8.063,17.689,63.756,54.218,0.0,0.0,143.726
Pakistan_2008,62856712.0,38.3440204529871,4806206.0,2.931894706253,11.764,18.91,65.754,58.928,0.0,0.0,155.356
Pakistan_2009,88019742.0,52.703881404351,4416737.0,2.64462469160849,11.412,18.511,66.989,58.309,0.0,0.0,155.221
Pakistan_2010,94342030.0,55.4646434057912,6144250.0,3.61226735576956,11.451,17.426,63.123,62.145,0.0,2.84e-14,154.145
Pakistan_2011,99185844.0,57.2834198942732,6079095.0,3.51089769889115,11.031,17.166,65.959,60.504,0.0,0.0,154.66
Pakistan_2013,120151237.0,67.0636093767546,5861915.0,3.27188622918413,12.028,13.659,63.721,61.042,0.0,0.001,150.451
Nigeria_1992,0.0,0.0,294166.0,0.299908121876643,1.432,0.139,9.592,35.102,0.0,0.0,46.265
Nigeria_1993,0.0,0.0,320934.0,0.31904448456373,1.308,0.022,10.478,33.006,0.0,0.0,44.814
Nigeria_1995,12800.0,0.0121036988941645,368715.0,0.348657448262645,1.06,0.051,10.066,22.239,0.0,0.001,33.417
Nigeria_1996,13000.0,0.0119898738690171,405073.0,0.373598013672643,1.035,0.022,10.201,25.531,0.0,7.11e-15,36.789
Nigeria_1998,15000.0,0.0131602634688256,404177.0,0.354605053869301,1.095,0.033,11.029,25.589,0.0,7.11e-15,37.746
Nigeria_1999,20000.0,0.0171134165412175,438619.0,0.375313482494613,1.012,0.044,11.608,26.923,0.0,7.11e-15,39.587
Nigeria_2000,25000.0,0.0208625603896018,473316.0,0.394983345334591,1.011,0.007,13.179,31.54,33.086,0.0,78.823
Nigeria_2003,1569050.0,1.21420341187096,702000.0,0.543240046609996,0.919,0.062,20.097,34.203,44.726,0.001,100.008
Nigeria_2006,18587000.0,13.3158157080503,1223258.0,0.876347882466144,1.296,0.022,21.618,31.979,42.894,0.0,97.809
Nigeria_2007,32322202.0,22.5532725279824,1687972.0,1.17780628113157,1.82,0.062,22.233,27.26,42.894,0.001,94.27
Nigeria_2008,40395611.0,27.4450285141007,1579664.0,1.07323351347993,3.846,0.084,20.654,33.5,36.688,0.0,94.772
Nigeria_2009,62988492.0,41.6568294498548,1307625.0,0.864785135820784,3.851,0.092,18.053,27.253,25.637,0.0,74.885
Nigeria_2011,87297789.0,54.6609495166735,1050237.0,0.657599147643277,4.59,0.084,28.003,69.442,27.45,0.0,129.569
Nigeria_2012,95167308.0,57.9606630431853,719406.0,0.438146771549383,6.118,0.128,28.872,55.858,25.355,1.42e-14,116.331
Nigeria_2013,112777785.0,66.7981180495543,418166.0,0.247679113686351,7.785,0.117,28.63,62.268,23.299,0.0,122.098
Ecuador_1993,0.0,0.0,531349.0,5.01359291530385,0.947,0.0,0.535,21.119,1.488,0.0,24.089
Ecuador_1994,0.0,0.0,598287.0,5.52112353198644,0.976,0.0,0.484,10.648,1.433,0.0,13.54
Ecuador_1995,18920.0,0.170828211647125,658115.0,5.94210404377103,1.179,0.0,0.465,19.558,1.484,0.0,22.686
Ecuador_1996,54380.0,0.4805669948214,697929.0,6.16773891373124,1.363,0.0,0.495,20.863,1.304,0.0,24.025
Ecuador_1997,59779.0,0.517246854350177,800763.0,6.92872317753744,1.304,0.0,0.451,15.253,1.198,0.0,18.206
Ecuador_1999,242812.0,2.01629999998339,990842.0,8.22790770054011,1.033,0.0,0.432,18.478,1.422,0.0,21.364
Ecuador_2000,383185.0,3.11862257614657,1129528.0,9.19287425444545,1.256,0.0,0.473,17.324,1.509,0.0,20.562
Ecuador_2004,2398161.0,18.0587050744567,1530700.0,11.526523806146,1.493,0.0,1.136,24.659,1.499,0.0,28.786
Ecuador_2005,3544174.0,26.1966897849974,1590755.0,11.7580331154547,1.57,0.0,0.894,26.007,1.499,0.0,29.97
Ecuador_2008,9939977.0,69.6642867450352,1823120.0,12.7773288057516,2.222,0.0,0.931,24.915,1.506,0.0,29.573
Ecuador_2009,11684479.0,80.5137495502123,1906478.0,13.1368880217072,2.11,0.0,1.099,27.975,1.319,0.0,32.503
Ecuador_2010,13241758.0,89.735548395736,2013223.0,13.6430276061463,2.088,0.0,1.158,30.335,1.246,0.0,34.826
Ecuador_2012,15332715.0,100.565599366831,2210608.0,14.4991358989658,2.353,0.0,1.4,32.152,1.249,0.0,37.154
Ecuador_2013,16456740.0,106.225532949865,2308672.0,14.902095652385,2.612,0.0,1.59,33.962,1.198,0.0,39.362
Australia_1992,291459.0,1.68262799845788,8046029.0,46.4506969138167,2.942,151.004,34.186,88.475,7.35,2.375,286.332
Australia_1993,497000.0,2.83537202477054,8257000.0,47.1059694336627,3.03,151.373,35.973,91.155,7.197,2.597,291.325
Australia_1994,690000.0,3.89287946646564,8540000.0,48.1814357153863,3.56,154.669,37.837,93.923,7.03,3.065,300.084
Australia_1998,4578000.0,24.6613747601334,9350000.0,50.3678143309845,3.524,180.054,44.09,100.518,6.996,3.515,338.697
Australia_2001,8562000.0,44.456266679862,10050000.0,52.1823732927602,3.574,191.835,49.769,103.536,8.248,3.493,360.455
Australia_2002,11132000.0,57.1245096218519,10060000.0,51.6234788713465,3.541,194.077,51.353,106.127,8.131,3.884,367.113
Australia_2003,12670000.0,64.2670098974746,10400000.0,52.7527153065301,3.622,197.462,50.233,110.743,7.236,3.937,373.233
Australia_2004,14347000.0,71.903538298595,10460000.0,52.4228766016103,3.591,204.293,53.059,114.938,6.93,3.955,386.766
Australia_2006,18420000.0,89.7628623066931,10120000.0,49.3159699535143,3.937,206.942,56.509,118.868,7.137,3.902,397.295
Australia_2007,19760000.0,94.7014037422295,9940000.0,47.6382567407774,3.994,204.714,61.4,120.161,7.549,4.108,401.926
Australia_2008,21260000.0,100.064604268965,9760000.0,45.937466494125,3.915,207.416,62.615,123.968,7.583,4.156,409.653
Australia_2009,22120000.0,102.194053664352,9370000.0,43.2892532927206,3.775,203.142,62.222,120.643,7.854,3.685,401.321
Australia_2010,22200000.0,100.739011404518,10709000.0,48.5952285194138,3.544,200.253,64.172,124.384,8.179,4.001,404.533
Australia_2013,24338000.0,105.585694973435,10471000.0,45.4264036513614,3.255,174.256,68.821,134.566,8.743,3.53,393.171
Algeria_1992,4781.0,0.0177774221384421,883120.0,3.28374755049173,2.998,2.378,31.932,28.678,13.898,0.0,79.883
Algeria_1994,4781.0,0.016979454185661,1068094.0,3.7932761219367,2.821,2.286,37.386,30.45,13.204,1.42e-14,86.147
Algeria_1996,4691.0,0.0160017940020255,1176316.0,4.01261272932991,3.006,1.407,50.567,27.407,14.4,0.0,96.786
Algeria_1998,17400.0,0.0573397027417539,1400343.0,4.61466961818942,3.446,2.11,54.641,33.09,13.333,0.001,106.621
Algeria_1999,18000.0,0.0584028096942824,1477000.0,4.79227499546973,3.435,2.173,50.92,22.188,12.952,0.0,91.668
Algeria_2001,86000.0,0.27112702998088,1761327.0,5.55282974808295,3.766,2.096,41.029,28.458,8.431,0.0,83.78
Algeria_2003,450244.0,1.38226235815044,1950000.0,5.98655750747007,4.032,2.788,44.027,31.943,8.259,0.0,91.048
Algeria_2004,1446927.0,4.3841699905119,2079464.0,6.30074887340539,4.897,1.924,41.209,32.818,7.006,0.0,87.853
Algeria_2005,4882414.0,14.5912066595052,2486720.0,7.43161997821666,5.662,2.363,61.211,31.052,6.185,0.0,106.473
Algeria_2008,27562721.0,78.532886659426,3068409.0,8.74264250694852,7.583,3.008,51.551,37.363,9.527,0.0,109.032
Algeria_2009,27031472.0,75.6646234971852,3069140.0,8.59092403699477,8.22,1.594,54.894,44.891,10.585,0.001,120.185
Algeria_2011,32780165.0,88.4448754843803,2922731.0,7.88588402069783,8.187,1.048,56.721,46.92,6.932,1.42e-14,119.808
Algeria_2013,37527703.0,97.520894669298,3231332.0,8.39706036933655,7.298,0.725,65.45,51.919,7.042,0.001,132.435
Chile_1992,36136.0,0.268539846539317,1056027.0,7.84772328208366,0.849,7.456,2.612,20.819,0.242,3.55e-15,31.978
Chile_1994,85186.0,0.610285808279443,1520291.0,10.8916021617985,0.935,9.362,2.631,24.234,0.355,0.0,37.517
Chile_1995,115691.0,0.814454287960218,1587000.0,11.1723379951151,0.992,10.311,2.616,26.838,0.315,7.11e-15,41.072
Chile_1996,197314.0,1.36643069651234,1818000.0,12.5899378972574,0.961,14.415,2.682,29.259,0.293,0.001,47.611
Chile_1998,409740.0,2.75502543022814,2693286.0,18.1092190678905,1.131,17.77,6.441,31.21,0.234,0.001,56.787
Chile_1999,964248.0,6.39743786145931,3046698.0,20.2137428728215,0.951,18.518,9.032,32.155,0.234,0.0,60.89
Chile_2000,2260687.0,14.8090902278177,3108799.0,20.3648204687998,1.01,14.242,11.919,30.627,0.297,0.001,58.096
Chile_2003,6244310.0,39.4721787421896,3467013.0,21.9160414581427,1.113,9.244,14.737,29.587,0.183,0.0,54.864
Chile_2004,7268281.0,45.4390872823112,3252063.0,20.3309110509865,1.194,10.281,16.048,31.324,0.18,0.0,59.026
Chile_2006,10569572.0,64.6941754338373,3435888.0,21.0303634852023,1.236,12.538,14.334,35.735,0.106,0.0,63.949
Chile_2007,12450801.0,75.438688650934,3383597.0,20.5010200229876,1.316,13.007,8.764,47.225,0.37,0.001,70.683
Chile_2009,14796593.0,87.9117773295093,3529645.0,20.9708657453926,1.081,13.431,6.379,44.929,0.081,0.0,65.901
Chile_2010,16450223.0,96.8131200774212,3564351.0,20.9769765042745,1.046,16.525,10.227,43.461,0.051,0.001,71.311
Chile_2012,22315248.0,128.926907315612,3366325.0,19.449027466297,1.128,23.476,9.809,45.165,0.106,1.42e-14,79.684
Thailand_1992,123551.0,0.216057463580404,1553160.0,2.7160590374383,9.267,16.686,14.803,65.208,0.0,0.0,105.964
Denmark_1992,175943.0,3.41351284915204,2950756.0,57.2483333847466,1.193,27.133,5.167,23.605,0.677,0.605,58.38
Denmark_2000,2628585.0,49.4149727131392,3638119.0,68.3932804577951,1.385,15.657,10.64,25.35,0.724,0.536,54.292
Denmark_2003,4477752.0,83.4002049545967,3700867.0,68.9303620007771,1.33,22.573,11.214,24.376,0.67,0.463,60.626
Denmark_2004,4767100.0,88.560843106806,3614249.0,67.143743290036,1.459,17.281,11.154,24.048,0.752,0.382,55.076
Denmark_2006,5449206.0,100.581686814237,3348177.0,61.8008000454806,1.395,22.004,10.882,24.173,0.531,0.444,59.429
Denmark_2007,5828157.0,107.117064512767,3098580.0,56.9495286002026,1.407,18.42,9.738,24.117,0.544,0.43,54.656
Denmark_2008,6308000.0,115.371580438847,2825095.0,51.6702084717637,1.155,16.137,9.826,23.277,0.387,0.438,51.22
Denmark_2009,6556988.0,119.302473170086,2975049.0,54.1301438255171,0.764,15.786,9.412,22.258,0.261,0.335,48.816
Denmark_2010,6833683.0,123.699399050797,2774313.0,50.2190181895788,0.672,15.351,10.569,21.912,0.353,0.314,49.171
Denmark_2012,7173185.0,128.661525958448,2481469.0,44.5087625871331,0.871,10.079,8.414,19.92,0.217,0.339,39.84
Philippines_1993,56044.0,0.0862261721233727,660587.0,1.01634230897977,3.455,4.192,0.0,41.282,0.0,7.11e-15,48.929
Philippines_1994,102400.0,0.153945411167672,859762.0,1.29254311129238,4.138,4.181,0.011,45.793,0.0,0.0,54.122
Philippines_1996,493862.0,0.709505180253252,1409639.0,2.02515312534071,5.335,5.903,0.018,49.999,0.0,0.0,61.255
Philippines_1999,1733652.0,2.33039207226978,2491605.0,3.34923995082504,5.331,11.874,0.015,50.956,0.0,0.0,68.176
Philippines_2000,2849980.0,3.74908544694003,2892435.0,3.80493405733373,5.059,16.302,0.018,50.969,0.0,0.0,72.348
Philippines_2001,6454359.0,8.31191937634247,3061387.0,3.9424522131141,3.623,16.364,0.26,50.056,0.0,0.001,70.304
Philippines_2002,12159163.0,15.3335524399959,3315091.0,4.18056092280846,5.553,14.298,3.265,47.041,0.0,0.0,70.156
Philippines_2003,15383001.0,19.0022322896563,3310933.0,4.08991184239594,5.359,14.858,4.976,45.023,0.0,0.0,70.215
Philippines_2004,22509560.0,27.2497390311331,3340000.0,4.04335439537621,5.416,16.099,4.759,46.497,0.0,0.0,72.771
Philippines_2006,34778995.0,40.5249394397987,3367252.0,3.9235660311214,4.88,17.781,5.21,38.652,0.0,0.001,66.524
Philippines_2007,42868911.0,49.0678637469276,3633188.0,4.15855615625441,5.155,21.889,7.079,36.64,0.0,0.0,70.763
Philippines_2009,68117167.0,75.3747891185836,4076140.0,4.51043703737449,5.67,24.662,7.504,38.655,0.0,0.001,76.492
Philippines_2010,75586646.0,82.2609722439882,4100000.0,4.46203137787529,6.056,28.231,7.068,41.597,0.0,0.001,82.953
Philippines_2011,83150138.0,88.9836174315653,3335398.0,3.56939611590312,6.114,31.017,7.629,38.983,0.0,0.0,83.743
Philippines_2013,101978345.0,105.451098539498,3493164.0,3.61211962381452,7.715,40.026,6.738,41.315,0.0,0.0,95.794
Portugal_1992,12600.0,0.127016807650283,2694140.0,27.1588144573756,3.136,11.88,0.592,34.716,0.068,0.59,50.982
Portugal_1993,37262.0,0.374292450958618,3014173.0,30.2770167941413,3.195,12.536,0.555,32.53,0.085,0.595,49.496
Portugal_1994,101300.0,1.01289405128224,3260319.0,32.5997800630054,3.292,13.188,0.442,32.434,0.279,0.642,50.277
Portugal_1995,173508.0,1.72644003086553,3474400.0,34.5709894831317,3.462,14.594,0.784,34.585,0.417,0.701,54.543
Portugal_1997,663651.0,6.5444769835238,3821890.0,37.6888924126684,3.561,13.732,1.14,35.042,0.47,0.766,54.711
Portugal_1999,3074633.0,30.076996519456,4116900.0,40.2727697812872,3.827,14.909,6.464,40.467,0.384,0.855,66.906
Portugal_2001,6664951.0,64.6693851618522,4321000.0,41.926251713533,3.627,12.713,6.28,41.277,0.428,0.939,65.264
Portugal_2002,7977537.0,77.0727373906592,4385454.0,42.3688344511365,3.91,13.72,7.373,43.325,0.502,0.919,69.749
Portugal_2003,8670000.0,83.4004288340389,4350528.0,41.849584873644,3.616,12.987,7.331,39.281,0.565,0.874,64.654
Portugal_2004,10002705.0,95.8202442353126,4281119.0,41.0106934254722,4.004,13.094,9.148,39.764,0.572,0.913,67.495
Portugal_2005,10571100.0,100.887353668911,4238270.0,40.4487559889072,4.088,13.076,9.616,41.504,0.563,0.866,69.713
Portugal_2006,11447313.0,108.90827646971,4233701.0,40.2788915615471,4.0,13.082,9.091,37.368,0.536,0.85,64.927
Portugal_2008,13477414.0,127.67657373098,4203800.0,39.8241666131421,4.012,9.849,10.495,34.304,0.504,0.959,60.123
Portugal_2012,12334595.0,116.390137831774,4542561.0,42.8639368296437,2.55,11.15,9.097,25.639,0.607,0.936,49.979
Portugal_2013,12084833.0,113.96695940438,4558075.0,42.9852815084096,2.814,10.206,8.107,25.01,1.184,0.861,48.182
Morocco_1994,6725.0,0.0258650414061813,827000.0,3.18072702496832,2.714,5.309,0.044,20.057,0.0,0.0,28.124
Morocco_1995,13794.0,0.0522078599512235,1007000.0,3.81131759974496,2.718,6.314,0.026,19.693,0.0,0.0,28.75
Morocco_2000,369174.0,1.30109028965501,1471000.0,5.18428658595274,3.326,10.028,0.088,19.756,0.0,0.001,33.199
Morocco_2003,6198670.0,21.1476111906193,1127447.0,3.84643976756791,4.184,12.234,0.081,20.071,0.0,0.0,36.57
Morocco_2004,7359870.0,24.8754036282972,1219213.0,4.12078141106665,4.395,13.689,0.099,24.043,0.0,0.0,42.226
Morocco_2005,9336878.0,31.2732257898125,1308569.0,4.38296117808856,4.364,14.084,0.868,25.344,0.0,0.001,44.661
Morocco_2008,20029300.0,65.3120417114296,2393767.0,7.80565522267098,5.455,14.121,1.114,30.679,0.0,0.0,51.369
Morocco_2011,31982279.0,101.074252995036,3749364.0,11.8491920324527,5.191,11.465,1.638,36.574,0.0,7.11e-15,54.868
Morocco_2012,36553943.0,114.0193379644,3566076.0,11.1233314734538,5.838,11.462,2.396,37.258,0.0,0.0,56.954
Switzerland_1992,174557.0,2.58986839011008,4080651.0,60.5438282966085,2.108,0.897,4.545,38.173,0.036,0.25,46.009
Switzerland_1994,257703.0,3.7400838860427,4265818.0,61.910482852706,2.11,0.778,4.684,34.82,0.041,0.243,42.676
Switzerland_1995,332165.0,4.77258163238916,4257596.0,61.1735868250223,1.989,0.798,5.145,35.201,0.039,0.241,43.413
Switzerland_2000,3057509.0,42.8413775168272,5066000.0,70.9840652963725,1.725,0.643,5.758,35.222,0.039,0.231,43.618
Switzerland_2002,5275791.0,73.2669072238394,5383483.0,74.7624668039573,1.691,0.596,5.896,35.025,0.041,0.219,43.468
Switzerland_2004,6189000.0,84.9078463822384,5323452.0,73.0332597575085,1.752,0.587,6.442,36.169,0.044,0.242,45.236
Switzerland_2005,6274763.0,85.4337276776384,5253450.0,71.5280906494938,1.847,0.636,6.614,36.379,0.058,0.254,45.788
Switzerland_2006,6834233.0,92.2471940747844,5149736.0,69.5101697916802,1.853,0.681,6.439,36.11,0.045,0.245,45.373
Switzerland_2008,8208884.0,108.515486115003,4927184.0,65.133794915127,1.858,0.682,6.683,35.216,0.044,0.231,44.714
Switzerland_2009,8896706.0,116.250279953305,4827882.0,63.0843184074557,1.848,0.637,6.403,34.409,0.044,0.193,43.534
Switzerland_2010,9322580.0,120.403710920952,5131810.0,66.2787519915358,1.955,0.65,7.16,35.022,0.046,0.216,45.049
Iraq_1993,0.0,0.0,714389.0,3.85176680686688,0.816,0.0,4.895,57.323,0.095,0.001,63.13
Uruguay_1992,0.0,0.0,451421.0,14.4134809906716,0.226,0.004,0.0,4.913,0.0,0.0,5.143
Uruguay_1993,1712.0,0.0542689744083113,492108.0,15.5994138189984,0.226,0.0,0.0,4.214,0.0,0.0,4.439
Uruguay_1994,4969.0,0.156362742682434,530370.0,16.6894964452571,0.319,0.0,0.0,3.712,0.0,0.0,4.03
Uruguay_1995,6825.0,0.213198968523086,582149.0,18.1851379233327,0.27,0.0,0.0,4.287,0.0,0.0,4.557
Uruguay_1996,39904.0,1.23757010255916,621996.0,19.2903882696317,0.308,0.004,0.0,5.093,0.0,8.88e-16,5.405
Uruguay_1997,78601.0,2.42029076991056,669032.0,20.6009080593733,0.351,0.004,0.0,5.159,0.0,8.88e-16,5.514
Uruguay_1998,99235.0,3.03420006855118,761088.0,23.2709554267495,0.392,0.004,0.004,5.24,0.0,0.0,5.639
Uruguay_2003,513528.0,15.4328474830954,946533.0,28.4457700976709,0.457,0.004,0.11,3.957,0.0,0.0,4.527
Uruguay_2004,497530.0,14.9614588993661,938186.0,28.2126329647674,0.267,0.004,0.194,5.1,0.0,8.88e-16,5.565
Uruguay_2005,599768.0,18.0445282569283,996701.0,29.9865937465965,0.264,0.004,0.183,5.276,0.0,8.88e-16,5.727
Uruguay_2006,1154923.0,34.7329071877852,1006001.0,30.2542588240247,0.262,0.007,0.213,6.115,0.0,8.88e-16,6.597
Uruguay_2007,2330011.0,69.965740971234,986867.0,29.6337145597419,0.257,0.011,0.194,5.485,0.0,0.001,5.948
Uruguay_2008,3004323.0,89.9933321031972,965216.0,28.9126715201127,0.251,0.004,0.172,7.775,0.0,0.0,8.202
Uruguay_2009,3507816.0,104.745381913692,959286.0,28.6448258501752,0.417,0.004,0.121,7.405,0.0,8.88e-16,7.947
Uruguay_2010,4111560.0,122.352162564861,953655.0,28.3789490098145,0.329,0.004,0.15,5.815,0.0,0.0,6.298
Uruguay_2012,4757425.0,140.607202157775,964859.0,28.5167132359939,0.341,0.007,0.106,8.138,0.0,1.78e-15,8.592
Uruguay_2013,4995459.0,147.13068510653,1010953.0,29.7754835943006,0.333,0.011,0.099,7.05,0.0,0.0,7.492
Cyprus_1993,9739.0,1.21637149351785,290852.0,36.3265306122449,0.747,0.074,0.002,4.888,0.0,0.048,5.759
Cyprus_1996,44453.0,5.19681688681991,347343.0,40.6064375389443,0.811,0.043,0.001,5.326,0.0,0.041,6.222
Cyprus_1997,70781.0,8.10550520700925,366363.0,41.9541572477858,0.78,0.045,0.001,5.444,0.0,0.04,6.31
Cyprus_1998,91968.0,10.3249795393232,386013.0,43.3365553987559,0.74,0.062,0.001,5.767,0.0,0.037,6.607
Cyprus_1999,116429.0,12.8220122461566,404710.0,44.569622483591,0.74,0.072,0.001,6.019,0.0,0.042,6.874
Cyprus_2000,151649.0,16.3857887326835,424060.0,45.8200025716079,0.763,0.117,0.002,6.199,0.0,0.039,7.12
Cyprus_2001,218324.0,23.1450237308476,440091.0,46.6550477214252,0.745,0.127,0.0,6.081,0.0,0.041,6.994
Cyprus_2002,314355.0,32.694873845661,434978.0,45.2404155672343,0.766,0.127,0.0,6.238,0.0,0.053,7.184
Cyprus_2004,551752.0,55.2779063499983,424104.0,42.4893452033879,0.808,0.137,0.001,6.777,0.0,0.078,7.801
Cyprus_2005,658234.0,64.7982910358134,418365.0,41.1849540272883,0.788,0.152,0.001,6.941,0.0,0.073,7.955
Cyprus_2006,782503.0,75.7809034792259,420030.0,40.6774835219536,0.821,0.151,0.001,7.128,0.0,0.082,8.183
Cyprus_2008,988312.0,92.9655392979931,409279.0,38.4988171329938,0.818,0.111,0.001,7.702,0.0,0.082,8.714
Cyprus_2012,1090944.0,97.7099236641221,405024.0,36.2757979530915,0.505,0.001,0.001,6.732,0.0,0.023,7.262
Cyprus_2013,1110935.0,98.4004343690046,373196.0,33.0556229705384,0.752,0.001,0.001,5.814,0.0,0.013,6.581
Qatar_1993,4233.0,0.86457273807919,105527.0,21.5534531848057,0.222,0.0,25.912,4.551,0.0,0.0,30.684
Qatar_1994,4289.0,0.871755054919146,110300.0,22.4188814543208,0.19,0.0,25.915,4.199,0.0,0.0,30.304
Qatar_1995,11533.0,2.32940016885273,115766.0,23.3820636388975,0.191,0.0,25.915,5.192,0.0,0.0,31.298
Qatar_1997,28772.0,5.61431169459643,133513.0,26.05253709442,0.274,0.0,28.096,8.42,0.0,0.0,36.789
Qatar_1998,43476.0,8.21090443463628,141902.0,26.7997000893311,0.387,0.0,20.02,11.314,0.0,0.001,31.722
Qatar_1999,65756.0,11.9476640132857,150508.0,27.3468431065089,0.399,0.0,22.383,7.973,0.0,0.001,30.756
Qatar_2002,177929.0,29.0824899314818,167446.0,27.3690438830483,0.498,0.0,24.992,14.638,0.575,0.0,40.703
Qatar_2003,266703.0,42.3509515756378,176519.0,28.0302344599798,0.509,0.0,26.791,13.425,0.575,0.0,41.3
Qatar_2004,376535.0,57.0301921428334,184508.0,27.9456801941118,0.498,0.0,32.837,8.801,0.575,0.0,42.711
Qatar_2005,490333.0,68.0655984386084,190876.0,26.4964609103768,0.523,0.0,31.815,10.853,7.5,0.0,50.69
Qatar_2008,1264206.0,109.696397008484,237368.0,20.5966546315314,1.36,0.0,41.564,14.414,6.918,0.001,64.257
Qatar_2011,2186447.0,124.960322064247,270000.0,15.4311021293206,1.769,0.0,66.681,10.124,1.074,0.0,79.648
Qatar_2012,2302225.0,120.478444211163,309000.0,16.1703739909216,1.913,0.0,81.667,7.372,1.352,0.0,92.304
Italy_1992,568000.0,0.999024174995547,23071000.0,40.57832172768,16.427,58.065,94.458,261.299,3.956,5.11,439.315
Italy_1993,783000.0,1.37623280051739,23709000.0,41.6719073658581,14.065,52.079,96.872,259.336,4.18,5.073,431.605
Italy_1994,1207175.0,2.12020635205691,24167000.0,42.4454009651951,13.791,54.772,92.794,255.512,4.07,4.858,425.797
Italy_1995,2240000.0,3.93229038342412,24542000.0,43.0831565133905,15.31,58.417,102.913,264.199,4.002,4.985,449.826
Italy_1996,3923000.0,6.88643444561157,24845000.0,43.6129145554982,13.988,53.524,106.19,261.84,3.85,4.637,444.029
Italy_1997,6422000.0,11.2790718648119,25259000.0,44.3628271929746,14.233,54.146,109.923,262.769,4.013,4.67,449.754
Italy_1998,11737904.0,20.6336734143737,25698000.0,45.173664685158,14.538,54.867,118.555,265.487,3.887,4.612,461.946
Italy_2000,30296000.0,53.2698127974712,26502000.0,46.5987780155328,15.862,56.032,134.813,255.591,3.262,4.933,470.493
Italy_2002,51246000.0,89.5905441504058,27353000.0,47.8197352797497,16.289,60.016,135.865,257.677,2.843,5.315,478.005
Italy_2003,54200000.0,94.2584926119254,27142000.0,47.2022879423041,16.938,65.126,149.024,255.95,3.384,5.543,495.965
Italy_2004,56770000.0,98.1025426806975,26596000.0,45.9597538336416,17.408,72.217,154.662,248.802,2.646,5.833,501.568
Italy_2008,89801000.0,150.962826994576,22417000.0,37.6848107786931,16.127,68.139,167.142,219.441,2.596,5.458,478.903
Italy_2012,96040913.0,158.145882953795,22105471.0,36.3999999604804,10.071,66.959,147.714,172.402,2.528,3.773,403.447
Netherlands_1992,115000.0,0.767014891427375,7175000.0,47.8550595303601,0.449,31.239,79.3,57.125,0.752,1.15,170.015
Netherlands_1994,216000.0,1.42004374655138,7634000.0,50.1880275980243,0.463,34.655,78.7,55.004,0.619,1.347,170.788
Netherlands_1995,321000.0,2.09555687106332,7859000.0,51.3052381610176,0.428,34.701,81.003,54.318,0.552,1.298,172.3
Netherlands_1998,1717000.0,11.0040514392299,8860000.0,56.782699913557,0.432,33.088,83.208,57.125,0.419,1.191,175.463
Netherlands_1999,3351000.0,21.3601514677598,9337000.0,59.5164829168826,0.517,29.036,81.289,57.678,0.308,1.109,169.937
Netherlands_2000,6745460.0,42.7665218727124,9613000.0,60.9468553311983,0.469,30.337,81.326,57.508,0.351,1.094,171.085
Netherlands_2001,10755000.0,67.8126916985348,9889000.0,62.352367104306,0.478,32.356,83.39,58.557,0.254,1.176,176.211
Netherlands_2003,12100000.0,75.4252738747796,8026000.0,50.0300205057009,0.434,33.694,83.107,59.537,1.127,1.11,179.009
Netherlands_2004,13200000.0,81.815272642888,7846000.0,48.6305022087954,0.446,33.228,85.427,59.596,1.08,1.119,180.896
Netherlands_2005,14800000.0,91.2377035617967,7861000.0,48.4607829526543,0.421,31.995,82.843,59.339,1.161,1.163,176.922
Netherlands_2007,17296000.0,105.619183609388,7450000.0,45.4939244848485,0.403,32.719,77.784,58.617,1.211,1.147,171.881
Netherlands_2008,19285000.0,117.285034806622,7404300.0,45.0305202602372,0.399,31.729,81.492,59.07,1.0,1.172,174.862
Netherlands_2009,20627000.0,124.98036105128,7317200.0,44.3354001010531,0.416,29.238,81.913,55.794,1.127,1.051,169.539
Netherlands_2011,19179000.0,115.43015049494,7232000.0,43.5262969070028,0.351,29.405,79.945,56.4,0.977,1.193,168.271
Netherlands_2012,19829309.0,118.979142583501,7133000.0,42.7991829694173,0.308,31.74,76.253,54.31,0.864,1.225,164.7
Netherlands_2013,19717000.0,117.966846751033,7182000.0,42.9699190224637,0.274,32.444,76.947,52.679,1.137,1.204,164.685
Israel_1994,64484.0,1.29339151629516,1958100.0,39.2747026868301,1.506,16.017,0.044,29.908,0.0,0.0,47.475
Israel_1998,1672442.0,29.7055487448993,2675000.0,47.512764504004,2.189,24.791,0.022,29.008,0.0,0.0,56.01
Israel_2002,5500621.0,89.7388079790002,3033000.0,49.4812866765966,1.821,29.257,0.015,28.209,0.0,0.0,59.301
Israel_2003,6300008.0,100.978528786377,3006000.0,48.1811225528365,1.885,29.726,0.015,30.789,0.0,0.0,62.415
Israel_2006,7757000.0,117.464860864636,2936295.0,44.4645460400319,2.265,29.922,4.254,25.708,0.0,0.0,62.149
Israel_2007,8403765.0,124.338839618682,3004653.0,44.4556776012645,2.271,30.309,5.089,25.131,0.0,0.0,62.8
Israel_2011,9111000.0,122.783667871998,3408000.0,45.9276413245273,2.251,29.001,9.343,28.0,0.0,0.0,68.595
Israel_2012,9200000.0,121.978270101522,3500000.0,46.4047766690572,2.252,32.575,4.814,35.143,0.0,0.001,74.785
Malaysia_1993,200573.0,1.04437297736144,2091578.0,10.890735758271,3.425,5.386,22.027,50.29,5.591,0.0,86.719
Malaysia_1994,340022.0,1.72587647280068,2410721.0,12.236286641413,4.007,6.232,22.391,52.787,5.214,0.0,90.631
Malaysia_1997,1520320.0,7.15113868967256,3771314.0,17.7391532416227,5.207,6.375,35.442,69.242,5.818,0.001,122.085
Malaysia_1998,2000000.0,9.17185698231689,4223042.0,19.3665686271587,5.325,6.284,35.94,59.701,6.987,0.001,114.238
Malaysia_2003,9053000.0,37.0814942945167,4669903.0,19.1281322711197,8.21,18.214,61.881,62.222,5.994,0.0,156.521
Malaysia_2004,11124000.0,44.6914733538138,4571561.0,18.3665764668136,8.197,31.719,59.218,67.615,4.353,0.0,171.102
Malaysia_2005,14611000.0,57.6027941396145,4446265.0,17.5290731288189,8.062,26.11,64.08,68.799,14.282,0.0,181.333
Malaysia_2006,19545000.0,75.6284006177809,4365647.0,16.892652866299,8.604,26.626,69.546,62.325,11.684,0.0,178.785
Malaysia_2007,19463722.0,73.9303739439873,4342100.0,16.4928926082168,8.346,29.934,65.438,68.827,9.911,0.0,182.455
Malaysia_2008,23347000.0,87.0707749612243,4350000.0,16.222978159135,8.863,38.037,72.633,70.211,12.242,0.0,201.985
Malaysia_2010,30144000.0,108.469408273182,4524000.0,16.2790473403621,7.413,55.337,60.808,73.375,19.002,0.0,215.935
Malaysia_2011,33858700.0,119.74429756009,4609800.0,16.3029668266207,8.105,55.544,64.784,71.753,16.807,0.001,216.994
Iceland_1992,12889.0,5.00763441821071,135559.0,52.6673841336198,0.045,0.243,0.0,1.898,0.068,0.001,2.255
Iceland_1993,15251.0,5.86813905615729,140031.0,53.8798360876508,0.039,0.298,0.0,1.988,0.085,0.001,2.411
Iceland_1994,17409.0,6.6349572952516,143597.0,54.7280121044427,0.037,0.293,0.0,1.964,0.07,0.001,2.365
Iceland_1996,30883.0,11.5470323868777,148675.0,55.5889984819819,0.041,0.281,0.0,2.118,0.081,0.002,2.523
Iceland_1997,46805.0,17.3294728774589,156807.0,58.0575291848243,0.045,0.32,0.0,2.184,0.067,0.003,2.619
Iceland_1998,65368.0,23.9620525077163,165390.0,60.6272773260801,0.053,0.284,0.0,2.215,0.084,0.002,2.638
Iceland_1999,104280.0,37.8418394008013,173673.0,63.0236457063229,0.06,0.358,0.0,2.309,0.111,0.002,2.84
Iceland_2000,172614.0,62.0075006466075,184973.0,66.4471793545421,0.064,0.466,0.0,2.248,0.153,0.001,2.932
Iceland_2001,214896.0,76.4172480744202,196336.0,69.8172921689532,0.058,0.502,0.0,2.159,0.144,4.44e-16,2.863
Iceland_2003,260438.0,90.7674023887443,187999.0,65.521087098202,0.032,0.51,0.0,2.303,0.136,0.004,2.985
Iceland_2005,290068.0,98.9419108367159,190478.0,64.9718593307637,0.054,0.484,0.0,2.315,0.118,0.005,2.976
Iceland_2006,283108.0,95.4044718529377,193852.0,65.3261217543682,0.061,0.515,0.0,2.445,0.127,0.005,3.153
Iceland_2009,336922.0,108.897392968189,199503.0,64.4818580838672,0.028,0.622,0.0,2.904,0.17,0.004,3.728
Iceland_2011,341077.0,107.24275410166,193614.0,60.8768653196748,0.02,0.639,0.0,2.66,0.18,0.002,3.501
Iceland_2012,344085.0,106.841441754748,191118.0,59.3438326729845,0.0,0.659,0.0,2.662,0.172,0.004,3.497
Iceland_2013,352114.0,108.054513037528,180004.0,55.2384868673416,0.0,0.661,0.0,2.645,0.173,0.004,3.483
Poland_1992,0.0,0.0,3565294.0,9.31972676553023,5.538,293.86,16.611,41.541,2.828,4.363,364.741
Poland_1993,2195.0,0.0057246782874245,3938144.0,10.2708917765609,5.147,293.178,16.836,43.173,2.687,4.421,365.442
Poland_1994,15699.0,0.0408713238263182,4415800.0,11.4962476433057,6.643,283.683,18.124,45.951,1.722,4.388,360.511
Poland_1995,38942.0,0.101261501652267,5006094.0,13.017425808957,6.666,282.565,19.091,46.828,2.911,4.816,362.877
Poland_1996,75000.0,0.194906956486554,5728497.0,14.8869855401647,6.219,293.186,19.81,51.09,2.493,4.765,377.563
Poland_1998,812200.0,2.11173424575922,7510000.0,19.5261317232846,6.334,251.777,20.625,52.886,2.704,5.02,339.346
Poland_2000,3956500.0,10.306011034009,10175196.0,26.5046587259457,6.114,228.827,21.838,52.815,3.375,4.723,317.692
Poland_2001,6747000.0,17.5925611340196,10945567.0,28.5401743877289,4.957,226.152,22.635,52.749,2.862,4.468,313.823
Poland_2002,10004661.0,26.1117782752248,11400000.0,29.7535590998598,4.67,219.897,22.422,52.145,3.004,4.446,306.584
Poland_2004,17401222.0,45.4928841838258,12292450.0,32.1367662676489,5.07,226.424,26.563,58.807,2.704,4.845,324.413
Poland_2005,23096065.0,60.420641166992,12553477.0,32.8406215177818,5.057,222.638,27.401,60.416,3.376,4.497,323.385
Poland_2007,36745454.0,96.2069884866963,11475613.0,30.0454627059114,7.05,227.707,27.911,65.993,3.603,4.442,336.706
Poland_2008,41388774.0,108.378398505795,10490569.0,27.4700349334952,6.693,220.472,28.134,67.207,3.568,4.38,330.454
Poland_2009,43926365.0,115.021392528647,9453928.0,24.7551547555907,5.757,209.074,27.273,67.906,2.865,3.965,316.84
Hungary_1992,8477.0,0.0817436616358202,1128129.0,10.8785413775576,0.859,20.644,17.576,21.705,0.44,0.861,62.085
Hungary_1994,45712.0,0.441073865109477,1497577.0,14.4500804097186,1.181,18.683,19.412,21.157,0.487,0.867,61.787
Hungary_1995,143000.0,1.38015780898114,1774100.0,17.1226431392548,1.186,18.389,20.911,19.759,0.264,0.882,61.391
Hungary_1996,265000.0,2.55989329205562,2157202.0,20.8385167147508,1.111,18.875,23.529,18.46,0.259,0.791,63.025
Hungary_1997,473100.0,4.57770368991365,2651215.0,25.6530895968176,1.174,18.318,22.436,18.685,0.211,0.8,61.624
Hungary_2000,1628153.0,15.8796014087433,3725779.0,36.3380379221524,1.353,16.473,22.206,17.461,0.189,0.683,58.365
Hungary_2001,3076279.0,30.0884683101605,3798254.0,37.1499610773081,1.357,15.9,24.647,17.238,0.144,0.682,59.968
Hungary_2003,6886111.0,67.7194215009729,3669200.0,36.0836619350705,1.412,16.162,27.227,16.056,0.146,0.753,61.756
Hungary_2004,7944586.0,78.331647151424,3602912.0,35.5238185478301,1.289,15.477,26.815,15.604,0.118,0.829,60.132
Hungary_2005,8727188.0,86.2551730245253,3564000.0,35.2247982579736,1.199,13.598,28.025,16.404,0.113,0.939,60.278
Hungary_2006,9320000.0,92.3141168094498,3415715.0,33.8324799890332,1.296,13.617,26.512,17.173,0.117,0.927,59.642
Hungary_2008,11029930.0,109.632885541945,3250635.0,32.3099507334715,1.261,13.064,24.617,17.239,0.18,0.887,57.248
Hungary_2009,12224163.0,121.681190771544,3093996.0,30.7981100646642,0.973,11.189,21.364,17.171,0.18,0.594,51.471
Hungary_2010,11792475.0,117.559187949153,3068685.0,30.5917219813269,0.735,11.672,22.918,15.972,0.188,0.584,52.069
Hungary_2012,11689937.0,116.943492779826,2933313.0,29.3442015672513,0.678,11.456,19.572,14.345,0.15,0.557,46.758
Hungary_2013,11579425.0,116.070555958459,2960633.0,29.6769760414667,0.516,10.166,18.365,13.845,0.151,0.547,43.59
Myanmar_1992,0.0,0.0,85947.0,0.200893419060512,0.189,0.121,1.616,2.906,0.011,0.0,4.842
Myanmar_1993,0.0,0.0,99073.0,0.228160920453472,0.162,0.051,1.993,3.081,0.015,0.001,5.303
Myanmar_1994,643.0,0.0014596150838393,117337.0,0.266355917717661,0.191,0.04,2.492,3.451,0.022,0.0,6.196
Myanmar_1995,1920.0,0.0042966389698306,137337.0,0.30733724281231,0.209,0.066,2.788,3.829,0.015,8.88e-16,6.907
Myanmar_1996,2766.0,0.0061019378351515,157843.0,0.348209751884972,0.204,0.048,3.026,3.909,0.015,0.001,7.203
Myanmar_1997,7260.0,0.0157854130085893,178631.0,0.388397260487233,0.209,0.051,3.27,3.889,0.026,8.88e-16,7.445
Myanmar_1998,8492.0,0.0181980053126089,213516.0,0.457555970599035,0.147,0.055,3.15,4.673,0.011,0.0,8.036
Myanmar_2002,22671.0,0.0463674599624827,295234.0,0.603822093183521,0.188,1.235,2.301,5.412,0.018,0.0,9.154
Myanmar_2003,47982.0,0.0974030066961471,342317.0,0.694900276003605,0.227,0.601,3.057,5.887,0.007,1.78e-15,9.779
Myanmar_2004,66517.0,0.134168658982267,362976.0,0.732143710070316,0.206,0.729,5.157,6.267,0.011,1.78e-15,12.37
Myanmar_2005,92452.0,0.185366790436339,424871.0,0.851868792665144,0.214,0.586,5.456,5.262,0.011,0.0,11.529
Myanmar_2006,128700.0,0.256471470687523,503930.0,1.00422430632139,0.223,0.952,6.135,5.454,0.015,0.0,12.779
Myanmar_2007,214214.0,0.42418555063389,571293.0,1.13127169922735,0.234,0.821,6.167,5.558,0.015,0.0,12.794
Myanmar_2008,247641.0,0.487204548100228,464090.0,0.913042503978883,0.258,0.649,3.649,5.155,0.011,1.78e-15,9.722
Myanmar_2010,502005.0,0.974001217295373,444265.0,0.8619727907127,0.204,1.231,4.141,7.495,0.011,0.001,13.083
Myanmar_2013,3729617.0,7.06402724729261,524225.0,0.992900794830131,0.429,1.143,4.203,7.152,0.011,0.0,12.938
Mexico_1992,160898.0,0.183067274908137,6024800.0,6.85492497027026,11.751,14.806,55.612,248.72,1.891,0.0,332.78
Mexico_1994,386132.0,0.421293923943775,7620880.0,8.31485201719784,13.836,20.247,56.902,258.052,2.492,0.0,351.528
Mexico_1997,1021900.0,1.05132086754228,8826148.0,9.08025596674489,12.907,25.574,65.772,252.202,12.19,0.0,368.645
Mexico_1998,1740814.0,1.75895661731274,9253715.0,9.35015644059399,13.412,26.267,71.088,264.274,13.315,0.001,388.357
Mexico_2000,7731635.0,7.55656591659192,10927385.0,10.6799538582044,14.567,26.7,81.202,263.874,9.724,0.0,396.066
Mexico_2001,14077880.0,13.5528941437453,12331676.0,11.8718087839195,14.059,30.638,82.887,275.577,7.537,0.0,410.698
Mexico_2003,25928266.0,24.29476814893,14975085.0,14.0316447727557,14.65,42.458,101.903,273.195,5.551,0.001,437.758
Mexico_2004,30097700.0,27.8537176060571,16330066.0,15.1125516850881,15.346,37.882,105.647,276.736,3.246,5.68e-14,438.857
Mexico_2005,38451135.0,35.1532182529869,18073238.0,16.5231138158126,16.674,46.808,105.516,291.123,3.873,0.0,463.993
Mexico_2008,66559462.0,58.6272950897596,19997903.0,17.6146700277924,18.638,40.784,118.567,288.397,26.593,0.001,492.98
Mexico_2012,94583253.0,79.2411829391876,19731368.0,16.5308010851396,18.411,49.223,135.727,290.158,2.781,0.0,496.3
Mexico_2013,100727228.0,83.3507082650968,20587824.0,17.036205066987,17.437,49.977,142.277,277.695,2.744,0.0,490.13
Tunisia_1992,1239.0,0.0148930853171849,331947.0,3.9900847391312,1.873,0.279,2.584,9.95,0.205,1.78e-15,14.891
Tunisia_1995,2709.0,0.0306652040039769,474253.0,5.36842561627835,2.291,0.238,3.753,9.005,0.26,0.0,15.547
Tunisia_1996,3185.0,0.0354572465204863,521742.0,5.80833115042122,2.112,0.238,3.991,9.987,0.253,0.0,16.581
Tunisia_1999,38998.0,0.417204647555788,752180.0,8.04689963071216,2.228,0.297,5.027,10.307,0.26,0.0,18.119
Tunisia_2000,55258.0,0.584649114778943,850381.0,8.99733068288451,2.583,0.278,5.335,11.216,0.26,0.0,19.672
Tunisia_2001,119165.0,1.24743844093068,955131.0,9.99846536755389,2.596,0.256,5.914,11.512,0.267,0.001,20.546
Tunisia_2005,3735695.0,37.5546036343882,1203530.0,12.0989781318055,2.959,0.0,6.709,12.311,0.289,0.001,22.269
Tunisia_2006,5680726.0,56.5170337283979,1257479.0,12.5105458449769,3.084,0.0,6.896,12.326,0.297,0.0,22.602
Tunisia_2007,7339047.0,72.232986947261,1268462.0,12.4845636073862,3.108,0.0,8.051,12.225,0.3,0.0,23.684
Tunisia_2009,8602164.0,82.7810913962042,1239074.0,11.9239644862223,3.297,0.0,9.12,11.553,0.352,0.0,24.321
Tunisia_2011,11114206.0,104.537092861718,1289585.0,12.1294734772847,3.04,0.044,11.267,10.772,0.403,0.0,25.526
Tunisia_2012,12387656.0,115.201077868624,1217781.0,11.3249579910785,2.933,0.0,12.157,10.823,0.392,0.001,26.306
Tunisia_2013,12843889.0,118.105649561399,1098893.0,10.1048421987666,2.96,0.0,12.124,11.388,0.392,0.0,26.864
United Kingdom_1993,1507000.0,2.61994597730504,26514000.0,46.095054838929,5.525,207.437,135.017,220.279,7.582,2.795,578.635
United Kingdom_1995,3940000.0,6.81277816430591,28358000.0,49.0347114678648,6.285,181.41,153.003,213.054,9.166,3.65,566.568
United Kingdom_1996,5735785.0,9.88976243110508,29411411.0,50.7117800882687,6.416,172.798,177.596,218.006,9.466,3.906,588.188
United Kingdom_1998,8841000.0,15.1525453062561,31879000.0,54.637257303262,6.838,153.845,190.108,205.889,7.216,3.704,567.6
United Kingdom_1999,14878000.0,25.4175730724475,32829000.0,56.0850589054562,6.531,138.057,204.259,202.539,6.19,3.533,561.109
United Kingdom_2000,27185000.0,46.2841529291748,34021000.0,57.9228680082198,6.332,144.183,208.9,199.054,5.874,3.242,567.585
United Kingdom_2001,43452000.0,73.7081181590734,35228000.0,59.7576541127644,5.844,153.357,208.116,199.794,6.106,3.097,576.314
United Kingdom_2002,46283000.0,78.2021775089909,34579000.0,58.426486962457,5.988,141.54,206.737,196.904,5.791,3.106,560.066
United Kingdom_2003,49228000.0,82.8308860268175,34737600.0,58.4493821899158,5.868,152.886,207.548,195.636,5.491,4.043,571.472
United Kingdom_2007,70077926.0,115.600259824552,33848510.0,55.8363635172928,6.117,150.612,195.644,197.197,5.33,4.336,559.236
United Kingdom_2009,74940937.0,122.186462395108,34191893.0,55.7477210121093,3.721,113.713,186.768,181.601,4.82,3.272,493.895
United Kingdom_2011,76729827.0,123.625486273963,33409000.0,53.8278793581385,4.097,117.028,167.433,172.927,4.397,3.572,469.454
United Kingdom_2012,77162298.0,123.604198784553,33252352.0,53.2660435626468,3.724,147.925,157.604,171.058,3.72,3.486,487.517
United Kingdom_2013,78329355.0,124.761816931192,33197391.0,52.8763044012709,4.029,142.362,157.032,166.442,4.124,3.398,477.387
Greece_1992,0.0,0.0,4190087.0,40.8918672644367,5.861,40.495,0.413,37.262,0.036,0.916,84.983
Greece_1994,48000.0,0.458787632652948,4744016.0,45.3436639564106,5.916,42.134,0.2,37.38,0.026,0.786,86.442
Greece_1998,937700.0,8.6554536834923,5430855.0,50.1295871966114,6.383,44.556,1.645,45.129,0.016,0.913,98.642
Greece_2000,3904000.0,35.660380184959,5610931.0,51.2520319291937,6.537,45.851,3.982,45.659,0.014,0.956,102.999
Greece_2004,8936202.0,81.0045534117592,6300432.0,57.1119229915749,6.364,47.094,5.245,49.844,0.007,0.993,109.547
Greece_2006,10260396.0,92.9245487220107,6311656.0,57.1622952455803,6.599,42.794,6.284,55.753,0.006,1.036,112.472
Greece_2007,10979826.0,99.3423396704135,6170455.0,55.82852009959,6.407,45.193,7.808,54.116,0.005,1.063,114.592
Greece_2008,12294912.0,111.096420636559,5469425.0,49.42154449256,6.054,43.285,8.109,52.769,0.004,0.904,111.125
Greece_2009,13799340.0,124.508360188876,5253695.0,47.4029156019414,4.582,42.243,6.623,50.163,0.004,0.74,104.355
Greece_2011,12292716.0,110.645518509948,5898097.0,53.0881865965965,2.43,42.116,8.811,40.509,0.005,0.679,94.55
Greece_2013,13360280.0,120.096301551898,5461193.0,49.0909682552396,3.639,37.315,7.336,32.911,0.004,0.531,81.736
