,Country_Year,Country,Year_x,Emissions.Production.CO2.Total,Data.Urban Development.Population Density,Data.Urban Development.Urban Population Percent,Data.Urban Development.Urban Population Percent Growth
0,Canada_1992,Canada,1992,463.521,3.09799868257691,76.62,1.41011326283435
1,Canada_1993,Canada,1993,463.993,3.13625838647563,76.887,1.57528573046169
2,Canada_1994,Canada,1994,478.267,3.17076794329142,77.152,1.43839672540424
3,Canada_1995,Canada,1995,490.951,3.20139374125063,77.414,1.30026136406288
4,Canada_1997,Canada,1997,521.278,3.26297546272012,77.951,1.43186037488132
5,Canada_1998,Canada,1998,528.987,3.29764854275192,78.34,1.55480276064773
6,Canada_2000,Canada,2000,566.552,3.35395243420857,79.103,1.30764135879385
7,Canada_2003,Canada,2003,582.344,3.44883328879608,79.888,0.994818992055702
8,Canada_2005,Canada,2005,575.852,3.51844337335088,80.045,1.09952778043555
9,Canada_2006,Canada,2006,571.41,3.55330339989729,80.122,1.08205383257025
10,Canada_2009,Canada,2009,546.61,3.65598905153236,80.578,1.30831924280004
11,Canada_2013,Canada,2013,573.699,3.82188087988027,81.293,1.41038594744595
12,Argentina_1994,Argentina,1994,122.229,12.4098626442893,87.752,1.54704580459545
13,Argentina_1996,Argentina,1996,134.762,12.7282110871162,88.164,1.48491174222325
14,Argentina_1997,Argentina,1997,137.641,12.8856647994475,88.366,1.45831306730044
15,Argentina_1999,Argentina,1999,147.285,13.1945313499154,88.759,1.38586465190768
16,Argentina_2000,Argentina,2000,142.358,13.3425992713826,88.952,1.33314912334572
17,Argentina_2001,Argentina,2001,134.004,13.4845623727934,89.142,1.2717328348464
18,Argentina_2002,Argentina,2002,124.392,13.6198696235233,89.329,1.2079814520524
19,Argentina_2003,Argentina,2003,134.631,13.7492902009362,89.519,1.15821719976431
20,Argentina_2005,Argentina,2005,161.434,13.9982164585686,89.899,1.09764451435171
21,Argentina_2007,Argentina,2007,174.246,14.2467444248344,90.266,1.0804616523179
22,Argentina_2010,Argentina,2010,186.733,14.6248354764332,90.795,1.06289530006986
23,Argentina_2012,Argentina,2012,191.715,14.8824813917543,91.133,1.05765373073638
24,Argentina_2013,Argentina,2013,190.133,15.0133654158856,91.295,1.05320945451387
25,Bolivia_1992,Bolivia,1992,6.621,6.42180005538632,56.579,4.15322750155933
26,Bolivia_1993,Bolivia,1993,7.792,6.57555063232715,57.548,4.06412082098924
27,Bolivia_1994,Bolivia,1994,8.594,6.73197175297701,58.167,3.42086210264532
28,Bolivia_1995,Bolivia,1995,9.8,6.88984861072648,58.785,3.37495746066923
29,Bolivia_1996,Bolivia,1996,10.086,7.04824333056402,59.4,3.31367906541463
30,Bolivia_1998,Bolivia,1998,11.246,7.36501523123788,60.38,2.98700414285009
31,Bolivia_1999,Bolivia,1999,10.722,7.52350595402936,60.866,2.9307875647481
32,Bolivia_2000,Bolivia,2000,8.641,7.68245915258931,61.351,2.8844338563327
33,Bolivia_2001,Bolivia,2001,8.292,7.84202990861257,61.834,2.83998568258737
34,Bolivia_2002,Bolivia,2002,8.384,8.00246099879996,62.313,2.79680556287024
35,Bolivia_2003,Bolivia,2003,9.985,8.16334348749192,62.791,2.75464224439332
36,Bolivia_2005,Bolivia,2005,11.176,8.48113172713007,63.732,2.61382091121239
37,Bolivia_2006,Bolivia,2006,11.548,8.63538170405243,64.194,2.52469227658354
38,Bolivia_2007,Bolivia,2007,12.663,8.78555801716976,64.652,2.4350563771176
39,Bolivia_2009,Bolivia,2009,14.229,9.07790824333056,65.55,2.29871840782207
40,Bolivia_2010,Bolivia,2010,15.426,9.22496630665559,65.991,2.27750047973313
41,Bolivia_2011,Bolivia,2011,16.992,9.37561248038401,66.426,2.27685053111841
42,Saudi Arabia_1993,Saudi Arabia,1993,340.642,8.03074536328494,77.851,3.89055847538847
43,Saudi Arabia_1996,Saudi Arabia,1996,258.275,8.63721885481162,78.67,2.32150674020372
44,Saudi Arabia_1997,Saudi Arabia,1997,215.807,8.7679386330122,78.91,1.80671492860199
45,Saudi Arabia_1998,Saudi Arabia,1998,207.24,8.86679009531607,79.147,1.42100390363258
46,Saudi Arabia_1999,Saudi Arabia,1999,225.986,8.97011429554959,79.383,1.45629167957191
47,Saudi Arabia_2000,Saudi Arabia,2000,296.364,9.12721927347664,79.616,2.02934959083394
48,Saudi Arabia_2001,Saudi Arabia,2001,296.588,9.37092511013216,79.848,2.92604764636874
49,Saudi Arabia_2002,Saudi Arabia,2002,325.698,9.71842172592327,80.077,3.92752965211832
50,Saudi Arabia_2004,Saudi Arabia,2004,394.585,10.6305248663761,80.53,4.87975488686629
51,Saudi Arabia_2006,Saudi Arabia,2006,431.292,11.4854081286139,80.979,3.78507588675706
52,Saudi Arabia_2010,Saudi Arabia,2010,517.716,12.4652275444366,81.867,1.88441139437495
53,Saudi Arabia_2011,Saudi Arabia,2011,497.659,12.6801478352693,82.084,1.97417677513024
54,Spain_1993,Spain,1993,241.209,78.2230998718565,75.61,0.438471192757844
55,Spain_1995,Spain,1995,267.458,78.6780534198302,75.774,0.377287204034486
56,Spain_1997,Spain,1997,267.42,79.0449022905654,75.938,0.339242465377755
57,Spain_1999,Spain,1999,299.54,79.5312910459715,76.1,0.456276487316092
58,Spain_2000,Spain,2000,311.385,79.942071119654,76.181,0.621554081218195
59,Spain_2001,Spain,2001,313.344,80.6878076152305,76.262,0.946655140742654
60,Spain_2003,Spain,2003,337.701,83.0225192369349,76.533,1.89254302850064
61,Spain_2004,Spain,2004,354.612,84.5088139260031,76.778,2.12806716477212
62,Spain_2005,Spain,2005,369.681,85.9848050803317,77.022,2.04276209944672
63,Spain_2007,Spain,2007,368.546,88.9761493446631,77.502,1.99920810283443
64,Spain_2009,Spain,2009,297.385,92.1293223736969,77.976,1.89844652332989
65,Spain_2011,Spain,2011,284.73,93.3779009623095,78.442,0.756607893274885
66,Spain_2012,Spain,2012,278.964,93.7102987169206,78.673,0.649389460315482
67,Spain_2013,Spain,2013,252.726,93.747522052927,78.902,0.330370601174519
68,Oman_1994,Oman,1994,15.054,6.60391599353796,71.044,6.18104804837086
69,Oman_1995,Oman,1995,15.719,6.8150113085622,71.688,4.04885957448079
70,Oman_1996,Oman,1996,14.884,6.96155088852989,71.669,2.10094840741232
71,Oman_1998,Oman,1998,16.301,7.03626171243942,71.629,0.0512991192290196
72,Oman_2001,Oman,2001,20.107,7.08411954765751,71.569,0.899793350709439
73,Oman_2003,Oman,2003,32.028,7.45851050080775,71.529,3.02385464367303
74,Oman_2004,Oman,2004,27.592,7.71929240710824,71.509,3.40875223591595
75,Oman_2006,Oman,2006,39.047,8.14967689822294,72.4,3.13403279041794
76,Oman_2011,Oman,2011,53.476,9.05579321486268,75.161,5.82403125282993
77,Oman_2012,Oman,2012,58.968,9.773098546042,75.691,8.32560140842265
78,Tanzania_1992,Tanzania,1992,2.178,29.7329002032061,19.208,4.99191915517997
79,Tanzania_1994,Tanzania,1994,2.063,31.7871472115602,19.867,5.00558643771527
80,Tanzania_1995,Tanzania,1995,2.434,32.8147809889366,20.203,4.85880380750085
81,Tanzania_1998,Tanzania,1998,2.481,35.6582061413412,21.237,4.2405473834637
82,Tanzania_2003,Tanzania,2003,3.687,40.4227782795213,23.044,4.19608593504873
83,Tanzania_2007,Tanzania,2007,5.71,45.0918344998871,25.478,5.35474008543263
84,Tanzania_2009,Tanzania,2009,5.771,47.8141679837435,26.776,5.4337147161205
85,Tanzania_2010,Tanzania,2010,6.927,49.2659200722511,27.439,5.43699845600794
86,Tanzania_2011,Tanzania,2011,7.752,50.7714269586814,28.114,5.44034460100157
87,Tanzania_2012,Tanzania,2012,9.062,52.3307823436442,28.798,5.4289323327679
88,Tanzania_2013,Tanzania,2013,9.909,53.9434488597878,29.493,5.41984880156869
89,Gabon_1992,Gabon,1992,4.917,3.77435867582567,70.462,4.58206402927508
90,Gabon_1993,Gabon,1993,4.975,3.87636511817441,71.749,4.47690736432057
91,Gabon_1994,Gabon,1994,4.375,3.98012574222843,72.999,4.36869182763411
92,Gabon_1995,Gabon,1995,4.606,4.08573757131214,74.214,4.26954055570968
93,Gabon_1996,Gabon,1996,4.754,4.19325881942019,75.358,4.12736500830405
94,Gabon_1997,Gabon,1997,4.775,4.302782628944,76.431,3.99218884805318
95,Gabon_1999,Gabon,1999,4.788,4.52720534016378,78.379,3.736516835686
96,Gabon_2003,Gabon,2003,4.614,4.9882330112159,81.565,3.24376237231943
97,Gabon_2004,Gabon,2004,4.658,5.10660922885862,82.23,3.1573679184179
98,Gabon_2006,Gabon,2006,4.143,5.35361120813444,83.421,3.06268467607516
99,Gabon_2007,Gabon,2007,4.09,5.48339736872744,83.952,3.02993703166578
100,Gabon_2008,Gabon,2008,4.163,5.61721581868281,84.443,2.99426699624382
101,Gabon_2010,Gabon,2010,4.783,5.89573873559204,85.313,2.90934762794608
102,Gabon_2012,Gabon,2012,5.034,6.18633911592347,86.047,2.80820181889185
103,New Zealand_1992,New Zealand,1992,28.275,13.2737077968934,84.933,5.07010550765676
104,New Zealand_1993,New Zealand,1993,27.863,13.412707455091,85.034,1.16059892354926
105,Albania_1992,Albania,1992,2.495,119.225912408759,36.7,0.141060581773093
106,Albania_1994,Albania,1994,1.913,117.784197080292,37.799,0.855534960140529
107,Albania_1995,Albania,1995,2.066,117.063357664234,38.354,0.843725669639771
108,Albania_1996,Albania,1996,1.993,116.342481751825,38.911,0.824171260000091
109,Albania_1999,Albania,1999,2.975,114.179927007299,40.601,0.774515178812666
110,Albania_2000,Albania,2000,3.004,113.459051094891,41.169,0.755983737416337
111,Albania_2001,Albania,2001,3.221,112.738211678832,41.741,0.742478629285177
112,Albania_2002,Albania,2002,3.748,111.828868613139,42.435,0.839115427828092
113,Albania_2003,Albania,2003,4.232,111.365948905109,43.501,2.0661726924212
114,Albania_2008,Albania,2008,4.272,107.331386861314,48.902,1.32896088572003
115,Albania_2009,Albania,2009,4.254,106.297773722628,49.991,1.23477554659152
116,Albania_2010,Albania,2010,4.448,105.266532846715,51.076,1.17234556913369
117,Albania_2011,Albania,2011,5.031,104.258138686131,52.163,1.14325989185989
118,Albania_2012,Albania,2012,4.668,103.260474452555,53.247,1.09529593851416
119,United Arab Emirates_1992,United Arab Emirates,1992,57.757,22.822990430622,78.906,5.28302886571145
120,United Arab Emirates_1993,United Arab Emirates,1993,65.566,24.0786722488038,78.76,5.17063199627729
121,United Arab Emirates_1995,United Arab Emirates,1995,70.012,26.700466507177,78.467,4.91426368891019
122,United Arab Emirates_1997,United Arab Emirates,1997,73.101,29.5551435406699,78.493,5.3923345014263
123,United Arab Emirates_1998,United Arab Emirates,1998,80.683,31.2080502392344,78.938,6.00715726924784
124,United Arab Emirates_1999,United Arab Emirates,1999,77.544,32.9365789473684,79.378,5.94664100883292
125,United Arab Emirates_2000,United Arab Emirates,2000,111.787,34.613014354067,79.81,5.50730780054907
126,United Arab Emirates_2001,United Arab Emirates,2001,100.591,36.2003827751196,80.236,5.01637151872895
127,United Arab Emirates_2002,United Arab Emirates,2002,83.698,37.4653588516746,80.655,3.95552797109876
128,United Arab Emirates_2004,United Arab Emirates,2004,111.802,40.3020813397129,81.472,4.90616947542019
129,United Arab Emirates_2005,United Arab Emirates,2005,114.478,43.7638516746411,81.871,8.7290390986578
130,United Arab Emirates_2006,United Arab Emirates,2006,121.737,49.6277870813397,82.262,13.0507090305763
131,United Arab Emirates_2008,United Arab Emirates,2008,153.97,69.3462559808612,83.019,17.7628230659066
132,United Arab Emirates_2009,United Arab Emirates,2009,165.5,81.3233851674641,83.377,16.3624366605425
133,United Arab Emirates_2010,United Arab Emirates,2010,180.622,92.3243899521531,83.723,13.1015925759922
134,United Arab Emirates_2011,United Arab Emirates,2011,192.991,100.975322966507,84.055,9.35254666420568
135,United Arab Emirates_2012,United Arab Emirates,2012,201.548,106.7595215311,84.375,5.95025082626787
136,United Arab Emirates_2013,United Arab Emirates,2013,205.39,110.115442583732,84.684,3.46058869039457
137,India_1992,India,1992,656.033,298.113713553456,25.778,2.88946354362299
138,India_1994,India,1994,716.918,309.804463892318,26.191,2.69592937566035
139,India_1995,India,1995,762.121,315.638270678968,26.399,2.65658006444476
140,India_1997,India,1997,859.686,327.30756426599,26.817,2.58441760327462
141,India_1999,India,1999,951.749,338.94455315671,27.24,2.51154874306987
142,India_2000,India,2000,978.919,344.752508585055,27.453,2.47792303600989
143,India_2002,India,2002,1023.027,356.351557754466,27.918,2.54360914832431
144,India_2003,India,2003,1059.616,362.138216192036,28.244,2.77175882202658
145,India_2006,India,2006,1259.744,379.102428031845,29.235,2.61839060384811
146,India_2009,India,2009,1612.817,395.08485296937,30.246,2.46458048781397
147,India_2012,India,2012,1963.586,410.722597277671,31.276,2.3924841308201
148,India_2013,India,2013,2036.937,415.946082154185,31.631,2.39242233005414
149,Turkey_1992,Turkey,1992,163.922,71.3475735093486,59.976,2.98060645000452
150,Turkey_1993,Turkey,1993,171.011,72.5220885360498,60.518,2.53242239112575
151,Turkey_1995,Turkey,1995,180.903,74.8586216753505,61.59,2.44755481846085
152,Turkey_1996,Turkey,1996,199.522,76.0395514727856,62.123,2.42691126151971
153,Turkey_1998,Turkey,1998,212.04,78.4434247625482,63.179,2.38831710277806
154,Turkey_2003,Turkey,2003,236.484,84.4851422111924,65.953,2.37417077015763
155,Turkey_2004,Turkey,2004,244.464,85.6752790301833,66.569,2.32852713622138
156,Turkey_2008,Turkey,2008,309.321,90.2986019256006,68.975,2.12346826596916
157,Turkey_2009,Turkey,2009,315.36,91.4251146654886,69.562,2.08725680798042
158,Turkey_2011,Turkey,2011,339.482,93.7301638449645,70.715,2.06552572808833
159,Turkey_2012,Turkey,2012,353.666,94.9269623065629,71.282,2.0673834634095
160,Turkey_2013,Turkey,2013,345.221,96.1463664358198,71.834,2.047797097962
161,Bangladesh_1992,Bangladesh,1992,15.38,844.546285626488,20.257,4.57202430776012
162,Bangladesh_1996,Bangladesh,1996,21.493,920.869516785742,21.693,3.80462219333719
163,Bangladesh_1998,Bangladesh,1998,23.198,959.86260275025,22.438,3.73830968456066
164,Bangladesh_1999,Bangladesh,1999,25.075,979.323377122225,22.818,3.68655033428242
165,Bangladesh_2000,Bangladesh,2000,26.525,998.439141123147,23.202,3.60200601065435
166,Bangladesh_2001,Bangladesh,2001,31.035,1017.00288084812,23.59,3.50064418060493
167,Bangladesh_2003,Bangladesh,2003,33.459,1052.51808404394,24.756,4.37796909178657
168,Bangladesh_2004,Bangladesh,2004,35.945,1069.26316355535,25.429,4.26066837212175
169,Bangladesh_2005,Bangladesh,2005,37.677,1085.00449412307,26.114,4.11956735776593
170,Bangladesh_2006,Bangladesh,2006,41.689,1099.60190520089,26.809,3.96301544531116
171,Bangladesh_2007,Bangladesh,2007,42.642,1112.9192747945,27.517,3.81046911728414
172,Bangladesh_2008,Bangladesh,2008,45.301,1125.12151033264,28.237,3.6733670920475
173,Bangladesh_2009,Bangladesh,2009,49.148,1136.74400399478,28.968,3.58355970517533
174,Bangladesh_2010,Bangladesh,2010,53.992,1148.52193285703,29.709,3.55660600684614
175,Bangladesh_2011,Bangladesh,2011,56.556,1160.98544211416,30.462,3.58232939100361
176,Bangladesh_2012,Bangladesh,2012,60.691,1174.3291925943,31.225,3.61669744783403
177,Bangladesh_2013,Bangladesh,2013,61.782,1188.41029423062,31.99,3.61237372888611
178,France_1992,France,1992,406.979,106.940664686997,74.229,0.486176021612873
179,France_1993,France,1993,387.667,107.474189412783,74.401,0.729104284624831
180,France_1994,France,1994,381.026,107.941459111778,74.572,0.663403784901864
181,France_1996,France,1996,402.403,108.737049049795,74.912,0.587465760305928
182,France_1997,France,1997,395.245,109.122955041036,75.082,0.580947618295981
183,France_1998,France,1998,413.906,109.509706592447,75.25,0.57729513410168
184,France_2000,France,2000,405.901,110.480690912146,75.614,0.775111434872823
185,France_2001,France,2001,410.533,111.239662433387,75.871,1.02393023563757
186,France_2003,France,2003,411.946,112.847570617343,76.38,1.05850005080815
187,France_2006,France,2006,405.761,115.356692108242,77.13,1.07406284276529
188,France_2007,France,2007,395.428,116.163267355659,77.377,1.01649493896553
189,France_2008,France,2008,387.992,116.883781908483,77.621,0.933187567134955
190,France_2009,France,2009,368.631,117.538434430121,77.864,0.871096316075625
191,France_2011,France,2011,353.735,118.729032611474,78.345,0.799217933736044
192,Peru_1992,Peru,1992,20.986,17.35418671875,69.3,2.58417338663103
193,Peru_1994,Peru,1994,23.759,18.03260546875,70.089,2.45074680917625
194,Peru_1997,Peru,1997,27.285,19.03592578125,71.377,2.36544598876777
195,Peru_1998,Peru,1998,27.609,19.36707421875,71.798,2.3127327794546
196,Peru_2000,Peru,2000,30.104,20.0089703125,72.631,2.16564643367008
197,Peru_2001,Peru,2001,26.981,20.3125625,73.042,2.07016421978241
198,Peru_2002,Peru,2002,27.01,20.6034046875,73.448,1.97599043429576
199,Peru_2003,Peru,2003,26.21,20.88274140625,73.85,1.89250303978905
200,Peru_2004,Peru,2004,31.708,21.1510421875,74.249,1.81544346329822
201,Peru_2005,Peru,2005,36.934,21.40925390625,74.644,1.74398950161813
202,Peru_2006,Peru,2006,28.432,21.65881328125,75.034,1.68004150682282
203,Peru_2007,Peru,2007,34.669,21.898975,75.421,1.61717618023964
204,Peru_2009,Peru,2009,51.318,22.363771875,76.182,1.54245435045573
205,Peru_2012,Peru,2012,54.041,23.13663046875,77.269,1.65509731753138
206,Peru_2013,Peru,2013,43.063,23.42796875,77.616,1.69942175758834
207,Norway_1992,Norway,1992,34.468,11.667411325383,72.265,0.905035504425969
208,Norway_1993,Norway,1993,36.008,11.7349480381528,72.665,1.1291510622728
209,Cuba_1993,Cuba,1993,19.823,100.166582867784,73.827,0.886186380419298
210,Cuba_1994,Cuba,1994,21.382,100.759320297952,73.977,0.79298435369138
211,Cuba_1997,Cuba,1997,24.809,102.241694599628,74.426,0.645304896776471
212,Cuba_1999,Cuba,1999,24.467,103.015986964618,74.855,0.676294131139605
213,Cuba_2000,Cuba,2000,25.775,103.366666666667,75.089,0.651947553947947
214,Cuba_2003,Cuba,2003,25.943,105.387019456716,75.785,0.631450609341229
215,Cuba_2004,Cuba,2004,25.221,105.694793233083,75.947,0.514543525404898
216,Cuba_2005,Cuba,2005,24.442,105.942702753501,76.041,0.367375044914394
217,Cuba_2007,Cuba,2007,24.24,106.183406934135,76.227,0.201933648297866
218,Cuba_2008,Cuba,2008,28.108,106.17882375047,76.32,0.127019116404374
219,Cuba_2009,Cuba,2009,28.396,106.128851935363,76.413,0.0747045259951658
220,Cuba_2010,Cuba,2010,34.2,106.058117249154,76.505,0.0536471255135442
221,Cuba_2011,Cuba,2011,29.431,105.991807591131,76.597,0.0576455223888547
222,Cuba_2012,Cuba,2012,29.742,105.938115370162,76.689,0.0693620730189018
223,Cuba_2013,Cuba,2013,28.024,105.890238632093,76.781,0.0746874067494294
224,China_1992,China,1992,2730.788,122.576625036615,27.312,4.60168513214318
225,China_1993,China,1993,2921.651,124.088088834447,28.2,4.42511729026799
226,China_1994,China,1994,3100.002,125.522861023087,29.103,4.30154774283787
227,China_1995,China,1995,3357.909,126.949644502437,30.024,4.24584059723498
228,China_1997,China,1997,3510.169,129.688982907321,31.916,4.08605174394273
229,China_1998,China,1998,3360.455,131.023100200996,32.883,4.00828550795805
230,China_2000,China,2000,3439.152,133.436760709953,34.865,3.77008872976608
231,China_2001,China,2001,3514.934,134.492481002789,35.877,3.64925271115854
232,China_2003,China,2003,4545.014,137.271700298269,38.425,4.19800114764631
233,China_2007,China,2007,6978.612,140.554446777882,43.868,3.67472809325703
234,China_2008,China,2008,7496.832,141.290434300369,45.199,3.51125555182775
235,China_2011,China,2011,9528.556,143.415328563697,49.226,3.25536549409244
236,China_2013,China,2013,9952.744,143.87139360204,51.889,3.05612962906583
237,Germany_1993,Germany,1993,956.132,230.930020336264,73.36,0.88447037688919
238,Germany_1994,Germany,1994,939.815,232.459793194317,73.381,0.686013681028011
239,Germany_1996,Germany,1996,959.151,233.967490690347,73.286,0.216155724786525
240,Germany_1997,Germany,1997,931.324,234.652470709559,73.232,0.215764514599616
241,Germany_1999,Germany,1999,895.874,235.078777720474,73.104,-0.0750987770159535
242,Germany_2001,Germany,2001,916.648,235.596813297034,73.067,0.139537496255531
243,Germany_2005,Germany,2005,866.697,236.592195429653,73.289,0.0547298361763478
244,Germany_2006,Germany,2006,878.32,236.464680582636,73.355,0.033236123668532
245,Germany_2008,Germany,2008,854.927,235.943361918146,73.695,0.139399919338657
246,Germany_2010,Germany,2010,832.949,234.939637417171,74.093,0.0142057707111806
247,Germany_2011,Germany,2011,809.217,234.606908225034,74.291,0.113677273516088
248,Germany_2012,Germany,2012,813.985,234.66641707548,74.488,0.290185263337938
249,Indonesia_1992,Indonesia,1992,203.577,100.347394249187,31.613,5.05886465299846
250,Indonesia_1993,Indonesia,1993,219.762,102.075463824197,32.703,5.09726678184122
251,Indonesia_1995,Indonesia,1995,226.543,105.480700718162,34.933,4.89118474041279
252,Indonesia_1996,Indonesia,1996,255.067,107.151562456874,36.076,4.79121887670968
253,Indonesia_1997,Indonesia,1997,280.734,108.799487185149,37.235,4.68836648203348
254,Indonesia_1998,Indonesia,1998,215.971,110.429320423721,38.406,4.58335885879266
255,Indonesia_2002,Indonesia,2002,310.818,117.009208035019,42.782,3.28058226279941
256,Indonesia_2004,Indonesia,2004,344.394,120.417989368338,44.353,3.22500539096748
257,Indonesia_2009,Indonesia,2009,401.957,129.304133431223,48.327,3.07325382882765
258,Indonesia_2011,Indonesia,2011,504.762,132.855194665401,49.924,2.94953375734089
259,Indonesia_2012,Indonesia,2012,521.528,134.580302720844,50.712,2.85620156009084
260,Colombia_1993,Colombia,1993,63.338,31.1925831455611,69.311,2.64443932457413
261,Colombia_1994,Colombia,1994,66.791,31.7804921135647,69.82,2.5989178401669
262,Colombia_1995,Colombia,1995,58.775,32.3708283010365,70.199,2.38186090854738
263,Colombia_1996,Colombia,1996,59.771,32.9643037404236,70.516,2.26731720574788
264,Colombia_1997,Colombia,1997,64.497,33.5611753041911,70.832,2.24158512108075
265,Colombia_2000,Colombia,2000,56.259,35.3619783686345,71.767,2.14511508250564
266,Colombia_2001,Colombia,2001,55.939,35.9603280757098,72.075,2.10616427159134
267,Colombia_2002,Colombia,2002,55.43,36.5557890941866,72.38,2.06459882001228
268,Colombia_2005,Colombia,2005,60.06,38.3304398377648,73.284,1.96373015092092
269,Colombia_2006,Colombia,2006,62.005,38.922060387562,73.581,1.9361379107067
270,Colombia_2007,Colombia,2007,60.179,39.5145290671474,73.876,1.91084263650182
271,Colombia_2008,Colombia,2008,66.65,40.1067057232988,74.169,1.88333659572664
272,Colombia_2011,Colombia,2011,76.08,41.8610166741776,75.036,1.77566452273273
273,Colombia_2012,Colombia,2012,79.727,42.4324398377648,75.321,1.73491295189811
274,Libya_1992,Libya,1992,37.024,2.47764472532594,75.777,2.38488891460219
275,Libya_1993,Libya,1993,38.708,2.53430669379497,75.832,2.33371114461006
276,Libya_1994,Libya,1994,43.752,2.59046171158371,75.886,2.26279684257058
277,Libya_1996,Libya,1996,44.514,2.69821601100288,75.994,2.05234490359675
278,Libya_1997,Libya,1997,45.506,2.74921513577412,76.048,1.9434870436326
279,Libya_1998,Libya,1998,45.808,2.7986558987008,76.11,1.86388671635811
280,Libya_1999,Libya,1999,45.055,2.84690316787342,76.181,1.80247899194039
281,Libya_2001,Libya,2001,48.463,2.94178307966855,76.346,1.73534665136147
282,Libya_2002,Libya,2002,48.186,2.98866578764904,76.441,1.70547168068084
283,Libya_2003,Libya,2003,49.474,3.03510519794946,76.544,1.67655439186017
284,Libya_2005,Libya,2005,56.989,3.12979528740466,76.774,1.69936109231811
285,Libya_2008,Libya,2008,53.591,3.286147515828,77.175,1.85065297971986
286,Libya_2009,Libya,2009,53.121,3.33996669584096,77.324,1.81737730555469
287,Libya_2010,Libya,2010,60.653,3.38970696886686,77.479,1.67850422208273
288,Finland_1994,Finland,1994,61.711,16.6336616435208,80.409,0.833929125477991
289,Finland_1996,Finland,1996,64.057,16.7693949243245,80.963,0.721897582550234
290,Finland_1997,Finland,1997,62.719,16.8244952230868,81.223,0.648659886733124
291,Finland_2000,Finland,2000,57.038,16.9587773728619,81.946,0.524180976119623
292,Finland_2001,Finland,2001,62.536,16.9940214714863,82.183,0.496415301116337
293,Finland_2003,Finland,2003,72.658,17.0740930431071,82.503,0.406146958535345
294,Finland_2004,Finland,2004,68.961,17.1148560359828,82.638,0.401973890354926
295,Finland_2005,Finland,2005,57.047,17.1646212941988,82.772,0.452371560777971
296,Finland_2006,Finland,2006,68.389,17.2234676122,82.905,0.502793640628433
297,Finland_2008,Finland,2008,58.617,17.3919563287185,83.168,0.583073550661644
298,Finland_2010,Finland,2010,64.103,17.5678545574202,83.429,0.634201339099274
299,Finland_2011,Finland,2011,56.667,17.6484106614018,83.558,0.611998068918108
300,Finland_2012,Finland,2012,51.229,17.7309947678436,83.688,0.619009284763746
301,Finland_2013,Finland,2013,51.728,17.8155615518773,83.819,0.632214707290272
302,Sweden_1992,Sweden,1992,57.495,21.0005726958132,83.204,0.806717927864079
303,Vietnam_1992,Vietnam,1992,21.466,206.588220836278,20.625,3.6498485150959
304,Vietnam_1993,Vietnam,1993,22.853,210.29862668592,21.0,3.58195172131583
305,Vietnam_1994,Vietnam,1994,26.169,213.968171065163,21.397,3.60270282360196
306,Vietnam_1996,Vietnam,1996,34.206,221.191127223571,22.187,3.39952189809666
307,Vietnam_1997,Vietnam,1997,44.517,224.758671541368,22.579,3.35137940991209
308,Vietnam_1998,Vietnam,1998,46.791,228.292420658085,22.974,3.29429749116942
309,Vietnam_1999,Vietnam,1999,46.89,231.823711941995,23.376,3.26966096063225
310,Vietnam_2000,Vietnam,2000,52.601,235.327352606839,23.817,3.36900507211399
311,Vietnam_2002,Vietnam,2002,68.499,252.72750650937,24.937,3.55089382332812
312,Vietnam_2004,Vietnam,2004,87.743,259.51688328442,26.092,3.41398787943911
313,Vietnam_2005,Vietnam,2005,94.694,262.642951591576,26.683,3.43716285246611
314,Vietnam_2006,Vietnam,2006,98.626,265.725481342923,27.281,3.38321046312955
315,Vietnam_2007,Vietnam,2007,100.362,268.690940755313,27.888,3.31040179683147
316,Vietnam_2009,Vietnam,2009,123.443,274.526074757313,29.128,3.2299077516205
317,Vietnam_2010,Vietnam,2010,138.585,277.437352855807,29.758,3.19469994514803
318,Vietnam_2011,Vietnam,2011,151.231,280.3641113297,30.392,3.15753815736341
319,Vietnam_2012,Vietnam,2012,142.552,283.290869803593,31.029,3.11278873062797
320,Bulgaria_1994,Bulgaria,1994,56.404,76.5824188737232,67.33,-0.389884232107096
321,Bulgaria_1997,Bulgaria,1997,55.856,75.5927506101419,68.007,-0.184328578923461
322,Bulgaria_1998,Bulgaria,1998,53.175,75.1339419687246,68.231,-0.279961453121171
323,Bulgaria_1999,Bulgaria,1999,46.38,74.6342402603272,68.454,-0.341007758629749
324,Bulgaria_2002,Bulgaria,2002,46.156,72.4964476181868,69.166,-1.46487087927041
325,Bulgaria_2005,Bulgaria,2005,50.656,71.5443269584406,70.233,-0.0380535399597797
326,Bulgaria_2006,Bulgaria,2006,51.894,71.2435567010309,70.584,-0.0331622940438699
327,Bulgaria_2007,Bulgaria,2007,55.74,70.8737917702292,70.932,-0.0377510485800045
328,Bulgaria_2009,Bulgaria,2009,45.815,68.98592210662,71.622,-0.220466620603334
329,Bulgaria_2010,Bulgaria,2010,47.861,68.5744565217391,71.963,-0.169290725144742
330,Bulgaria_2013,Bulgaria,2013,42.68,67.2981577008106,72.971,-0.121812490212039
331,Romania_1992,Romania,1992,130.235,100.240368691711,53.93,0.462204770160744
332,Romania_1993,Romania,1993,121.018,99.3388128649874,54.227,-0.354263911265315
333,Romania_1994,Romania,1994,119.142,99.2036956332258,54.074,-0.418652306560022
334,Romania_1995,Romania,1995,124.257,99.0379983442987,53.922,-0.426873999565122
335,Romania_1996,Romania,1996,127.572,98.8464421107674,53.769,-0.486463349524142
336,Romania_1997,Romania,1997,116.667,98.5491634715929,53.616,-0.573086082816274
337,Romania_1998,Romania,1998,104.073,98.2615692937742,53.463,-0.573669083441189
338,Romania_1999,Romania,1999,88.098,98.0327714621717,53.311,-0.491693132612479
339,Romania_2000,Romania,2000,92.364,97.8747386759582,53.158,-0.444385278166408
340,Romania_2002,Romania,2002,98.05,96.3474380740934,52.852,-1.68260799572644
341,Romania_2003,Romania,2003,102.509,94.5338495671466,52.78,-1.96697734313015
342,Romania_2004,Romania,2004,101.765,93.8218134377039,52.912,-0.471484890969484
343,Romania_2005,Romania,2005,100.259,93.2684695652174,53.043,-0.322505381518045
344,Romania_2006,Romania,2006,103.193,92.7023436820593,53.174,-0.370871358103029
345,Romania_2007,Romania,2007,101.36,92.1547960692234,53.305,-0.346339811096976
346,Romania_2011,Romania,2011,86.047,88.0107411432297,53.829,-0.350299532205801
347,Angola_1992,Angola,1992,5.164,8.5447397128419,26.221,5.50633707556391
348,Angola_1994,Angola,1994,3.865,9.12180636881367,27.53,5.72135984433118
349,Angola_1999,Angola,1999,9.13,10.537853533328,30.975,4.97913522779698
350,Angola_2001,Angola,2001,9.671,11.1694312986284,32.419,5.28854858198395
351,Angola_2002,Angola,2002,12.598,11.5386885377396,33.152,5.48832955052818
352,Angola_2003,Angola,2003,8.989,11.9407828667683,33.895,5.64184803144327
353,Angola_2004,Angola,2004,18.701,12.3695155209754,34.645,5.71612214493563
354,Angola_2005,Angola,2005,19.006,12.8152041389268,35.405,5.70969981841053
355,Angola_2006,Angola,2006,22.102,13.2705350124328,36.169,5.6263151863425
356,Angola_2007,Angola,2007,24.977,13.7341854495869,36.942,5.54885716762048
357,Angola_2008,Angola,2008,25.486,14.2077677067458,37.722,5.47951694326694
358,Angola_2009,Angola,2009,27.565,14.6903352851528,38.509,5.40495371240694
359,Angola_2011,Angola,2011,30.33,15.6806962380685,40.097,5.24619334877414
360,South Africa_1992,South Africa,1992,301.367,29.6211394043311,52.554,3.04992470302809
361,South Africa_1993,South Africa,1993,320.391,30.2456858106159,53.038,3.00326762642899
362,South Africa_1994,South Africa,1994,338.625,30.891191914862,53.521,3.01829879105175
363,South Africa_1996,South Africa,1996,363.673,32.2482256056847,54.486,3.05077352370016
364,South Africa_2000,South Africa,2000,378.255,35.3835947868666,56.411,3.27040990757756
365,South Africa_2001,South Africa,2001,371.517,36.2710103949418,56.891,3.3243508411162
366,South Africa_2002,South Africa,2002,356.357,37.0209448598208,57.368,2.88145002192928
367,South Africa_2003,South Africa,2003,404.173,37.7620259007988,57.898,2.90163675881844
368,South Africa_2004,South Africa,2004,449.079,38.2570485289632,58.446,2.24442288434804
369,South Africa_2005,South Africa,2005,415.925,38.7600689149197,58.993,2.23782827918188
370,South Africa_2008,South Africa,2008,494.642,40.3187298551633,60.616,2.21136098444219
371,South Africa_2009,South Africa,2009,502.259,40.8553825355085,61.154,2.20588239198637
372,South Africa_2010,South Africa,2010,466.93,41.4008820450255,61.687,2.19415799500523
373,South Africa_2011,South Africa,2011,473.949,41.9554179821777,62.218,2.18765002018546
374,South Africa_2012,South Africa,2012,461.139,42.5191857158166,62.746,2.17983150101208
375,South Africa_2013,South Africa,2013,455.866,43.0923880338639,63.272,2.17390291177778
376,Austria_1992,Austria,1992,60.236,94.0556822316556,65.8,1.05161933586089
377,Austria_1993,Austria,1993,60.661,95.0965312310491,65.8,1.10056699963108
378,Austria_1996,Austria,1996,67.355,96.401188599151,65.8,0.153100896510803
379,Austria_1999,Austria,1999,65.64,96.7469860521528,65.8,0.109724862028944
380,Austria_2000,Austria,2000,66.139,96.9354032747119,65.8,0.194562588808052
381,Austria_2001,Austria,2001,70.139,97.1687810794421,65.8,0.240462184404616
382,Austria_2004,Austria,2004,77.668,98.501188599151,65.812,0.496245890031622
383,Austria_2005,Austria,2005,79.068,99.1142025469982,65.818,0.629535581992001
384,Austria_2011,Austria,2011,69.889,101.806489582449,65.852,0.299988034399324
385,Japan_1992,Japan,1992,1179.396,339.882062534284,77.473,0.48346929076203
386,Japan_1993,Japan,1993,1172.339,340.726823916621,77.61,0.424917158819216
387,Japan_1995,Japan,1995,1239.62,342.734503565551,77.881,0.514176702740028
388,Japan_1996,Japan,1996,1251.531,344.04552934723,78.016,0.554981094198372
389,Japan_1997,Japan,1997,1244.781,345.023319615912,78.145,0.421583498050735
390,Japan_1998,Japan,1998,1204.994,345.928669410151,78.272,0.424446240652286
391,Japan_2002,Japan,2002,1279.12,348.831275720165,79.99,1.91034009767707
392,Japan_2003,Japan,2003,1287.468,349.643347050754,81.647,2.28287211011819
393,Japan_2004,Japan,2004,1282.862,350.39231824417,83.196,2.09340014933777
394,Japan_2005,Japan,2005,1290.371,350.510288065844,84.64,1.75443198804852
395,Japan_2006,Japan,2006,1267.362,350.543209876543,85.978,1.57784066748167
396,Japan_2007,Japan,2007,1303.134,350.496570644719,87.057,1.23385698308593
397,Japan_2011,Japan,2011,1264.866,349.658323731139,90.522,0.779978142244465
398,Japan_2012,Japan,2012,1306.01,350.664683127572,91.248,1.08621527110506
399,United States_1993,United States,1993,5267.343,28.0068916121481,76.097,1.90863299657144
400,United States_1994,United States,1994,5358.824,28.3786587123429,76.488,1.83118227604993
401,United States_1995,United States,1995,5421.502,28.7288076375484,76.875,1.7309822295661
402,United States_1997,United States,1997,5686.465,29.4131648134723,77.636,1.65278297800739
403,United States_2000,United States,2000,6010.508,30.4663411566379,78.742,1.61295677155673
404,United States_2001,United States,2001,5904.882,30.7973013298523,79.057,1.51201139138713
405,United States_2003,United States,2003,6011.837,31.3935499327652,79.409,1.14841884658312
406,United States_2005,United States,2005,6134.521,31.9589450682826,79.757,1.14388530085121
407,United States_2006,United States,2006,6051.668,32.2548765979183,79.928,1.13588459113456
408,United States_2007,United States,2007,6131.004,32.5673998463204,80.099,1.17796815968651
409,United States_2009,United States,2009,5478.209,33.2436868537795,80.438,1.15618567133535
410,United States_2010,United States,2010,5675.787,33.5363992251367,80.606,1.08529029428822
411,Brazil_1992,Brazil,1992,233.601,18.2042343152902,74.69,2.69377130033097
412,Brazil_1993,Brazil,1993,244.306,18.4966972316807,75.444,2.59824153813528
413,Afghanistan_1992,Afghanistan,1992,1.379,19.3181432466379,18.597,8.76263703067803
414,Afghanistan_1994,Afghanistan,1994,1.282,23.2443785804001,19.17,10.9279652839571
415,Afghanistan_1996,Afghanistan,1996,1.165,26.9369742364366,19.757,7.96992620182048
416,Afghanistan_1999,Afghanistan,1999,0.81,29.8637318873878,20.661,3.95687071986752
417,Afghanistan_2001,Afghanistan,2001,0.798,31.5463652237846,21.282,4.47490534891949
418,Afghanistan_2004,Afghanistan,2004,0.889,35.4417030802018,22.237,5.48986084311707
419,Afghanistan_2006,Afghanistan,2006,1.635,38.1166996304984,22.895,4.91140543974186
420,Afghanistan_2007,Afghanistan,2007,2.269,39.2979194455943,23.237,4.53463270580391
421,Afghanistan_2010,Afghanistan,2010,8.398,42.4822332612729,24.313,3.99092404697908
422,Afghanistan_2011,Afghanistan,2011,12.106,43.5395673305429,24.689,3.99307388704619
423,Kuwait_1993,Kuwait,1993,49.129,106.41240179573477,98.002,-2.366691930818975
424,Kuwait_1994,Kuwait,1994,55.226,100.61094276094248,98.016,-1.7853099057881203
425,Kuwait_1996,Kuwait,1996,49.914,89.008024691358,98.043,-0.6225458557264112
426,Kuwait_1997,Kuwait,1997,54.671,88.9586980920314,98.057,-0.0411638306955566
427,Kuwait_1998,Kuwait,1998,51.56,91.8069023569024,98.071,3.16581272061813
428,Kuwait_2002,Kuwait,2002,57.981,111.145005611672,98.128,3.84269050408523
429,Kuwait_2004,Kuwait,2004,63.109,118.762794612795,98.157,3.28702811653584
430,Kuwait_2007,Kuwait,2007,74.875,135.659090909091,98.202,5.15585072637899
431,Kuwait_2008,Kuwait,2008,82.297,143.373737373737,98.217,5.54626812775933
432,Kuwait_2010,Kuwait,2010,89.272,159.938383838384,98.248,5.34434453606483
433,Kuwait_2011,Kuwait,2011,86.263,167.877665544332,98.263,4.85995451939399
434,Kuwait_2013,Kuwait,2013,81.704,182.407182940516,98.294,3.96204245815062
435,Ireland_1992,Ireland,1992,33.494,51.3025838292931,57.046,0.82066259645767
436,Ireland_1996,Ireland,1996,37.469,52.3855566845696,57.92,0.88977767525318
437,Ireland_1997,Ireland,1997,38.804,52.8017128755988,58.144,1.17726052810832
438,Ireland_1998,Ireland,1998,40.708,53.3338800987081,58.395,1.4335564661674
439,Ireland_1999,Ireland,1999,42.44,53.8931049499202,58.645,1.4703088915699
440,Ireland_2000,Ireland,2000,45.249,54.5040789664683,58.896,1.55437617393688
441,Ireland_2002,Ireland,2002,46.081,56.1219770648861,59.395,2.01226812950227
442,Ireland_2006,Ireland,2006,47.604,60.3848744375091,60.477,2.63445605550239
443,Ireland_2007,Ireland,2007,47.664,62.0429235012339,60.752,3.16248727319972
444,Ireland_2009,Ireland,2009,42.18,65.1697488750181,61.298,2.48509281164158
445,Ireland_2010,Ireland,2010,41.794,65.8350268544056,61.569,1.45677859333084
446,Ireland_2011,Ireland,2011,38.097,66.1947307301495,61.84,0.984081557358955
447,Ireland_2012,Ireland,2012,38.242,66.4362607054725,62.111,0.801495736470136
448,Pakistan_1993,Pakistan,1993,77.176,152.152532171025,31.077,3.45637422927332
449,Pakistan_1997,Pakistan,1997,93.788,168.747016396845,32.092,3.44473169295951
450,Pakistan_1998,Pakistan,1998,96.741,173.305173308427,32.348,3.45988231402946
451,Pakistan_2001,Pakistan,2001,107.126,186.581587276878,33.155,3.13779550894247
452,Pakistan_2002,Pakistan,2002,112.904,190.505760948526,33.446,2.95524884632192
453,Pakistan_2003,Pakistan,2003,117.491,194.18545558323,33.75,2.81794425021565
454,Pakistan_2005,Pakistan,2005,134.757,201.26529939809,34.392,2.73151878200662
455,Pakistan_2006,Pakistan,2006,143.726,204.923483551266,34.73,2.77926109190198
456,Pakistan_2007,Pakistan,2007,155.846,208.730015047738,35.08,2.84322811671753
457,Pakistan_2008,Pakistan,2008,155.356,212.650904161478,35.442,2.88766262636328
458,Pakistan_2009,Pakistan,2009,155.221,216.646018835616,35.816,2.91100679638872
459,Pakistan_2011,Pakistan,2011,154.66,224.612528538813,36.598,2.87098875594344
460,Pakistan_2012,Pakistan,2012,153.876,228.526298515982,37.007,2.83879594576447
461,Pakistan_2013,Pakistan,2013,150.451,232.40985756538,37.428,2.81631470022163
462,Nigeria_1992,Nigeria,1992,46.265,107.69499763936,30.176,4.20574633305156
463,Nigeria_1993,Nigeria,1993,44.814,110.447469723421,30.677,4.17031693401794
464,Nigeria_1994,Nigeria,1994,34.935,113.2500510557,31.182,4.13860254314702
465,Nigeria_1995,Nigeria,1995,33.417,116.113613755394,31.691,4.11626502811327
466,Nigeria_1996,Nigeria,1996,36.789,119.047429098455,32.205,4.10418287376143
467,Nigeria_1997,Nigeria,1997,41.009,122.057390998825,32.725,4.09869469600831
468,Nigeria_1998,Nigeria,1998,37.746,125.146283913612,33.247,4.08172027520037
469,Nigeria_2001,Nigeria,2001,86.719,134.91521130472,34.84,4.05959965128457
470,Nigeria_2002,Nigeria,2002,94.304,138.349958826048,35.669,4.86557058043925
471,Nigeria_2003,Nigeria,2003,100.008,141.885043424794,36.508,4.84802105761749
472,Nigeria_2004,Nigeria,2004,98.685,145.536354952403,37.356,4.83708757646113
473,Nigeria_2005,Nigeria,2005,105.758,149.323374726879,38.212,4.83443807853379
474,Nigeria_2007,Nigeria,2007,94.27,157.355763804254,39.943,4.83604048029135
475,Nigeria_2008,Nigeria,2008,94.772,161.607599064528,40.819,4.83561451244847
476,Nigeria_2013,Nigeria,2013,122.098,185.374766406447,45.234,4.7338320114769
477,Ecuador_1992,Ecuador,1992,21.96,37.4246134951597,55.709,3.43179129744709
478,Ecuador_1994,Ecuador,1994,13.54,39.1429237104465,56.74,3.13230906414855
479,Ecuador_1997,Ecuador,1997,18.206,41.7466803930068,58.277,2.99115583229284
480,Ecuador_2000,Ecuador,2000,20.562,49.472519729425,59.796,2.85845116253759
481,Ecuador_2005,Ecuador,2005,29.97,54.4737115477533,61.514,2.18216679311998
482,Ecuador_2006,Ecuador,2006,28.895,55.4724230955065,61.711,2.13651614836524
483,Ecuador_2009,Ecuador,2009,32.503,58.4329280077307,62.3,2.01075107451707
484,Ecuador_2010,Ecuador,2010,34.826,59.4154614269609,62.495,1.98000768839974
485,Ecuador_2011,Ecuador,2011,37.398,60.4005153808987,62.69,1.95585590382649
486,Ecuador_2012,Ecuador,2012,37.154,61.3886334353358,62.885,1.93328213728224
487,Ecuador_2013,Ecuador,2013,39.362,62.3782573683363,63.088,1.92150016320961
488,Australia_1992,Australia,1992,286.332,2.24984705101337,85.4,1.27458032278247
489,Australia_1993,Australia,1993,291.325,2.2773127839319,85.566,1.40758349785109
490,Australia_1995,Australia,1995,308.023,2.32417375004881,85.928,1.2682047042944
491,Australia_1998,Australia,1998,338.697,2.41034585996381,86.504,1.37453493140751
492,Australia_2001,Australia,2001,360.455,2.49313356677037,87.165,1.44268462269671
493,Australia_2007,Australia,2007,401.926,2.69423219608711,88.15,1.64553820402891
494,Australia_2008,Australia,2008,409.653,2.71111516082423,88.298,0.792431109636427
495,Australia_2011,Australia,2011,405.344,2.86786509248532,88.733,1.71700383808966
496,Australia_2012,Australia,2012,402.666,2.90798328625542,88.875,1.54909616209909
497,Australia_2013,Australia,2013,393.171,2.9579552998451,89.015,1.86124676603138
498,Algeria_1992,Algeria,1992,79.883,11.2916031976622,52.871,3.95948557906467
499,Algeria_1993,Algeria,1993,81.944,11.5609390613585,53.657,3.83296467420283
500,Algeria_1994,Algeria,1994,86.147,11.8222643949382,54.439,3.68213384217933
501,Algeria_1995,Algeria,1995,94.981,12.0721611091051,55.219,3.51437645892579
502,Algeria_1996,Algeria,1996,96.786,12.3084228337266,55.997,3.33728059283413
503,Algeria_1997,Algeria,1997,87.005,12.5308421574143,56.774,3.16894890492188
504,Algeria_1999,Algeria,1999,91.668,12.9403020480825,58.313,2.88059914720505
505,Algeria_2000,Algeria,2000,82.221,13.1316999336619,59.118,2.83929222020307
506,Algeria_2001,Algeria,2001,83.78,13.3177630639784,59.919,2.75277899176139
507,Algeria_2002,Algeria,2002,89.407,13.4986178172261,60.712,2.66362760189368
508,Algeria_2005,Algeria,2005,106.473,14.0491174519469,63.061,2.61769757610952
509,Algeria_2006,Algeria,2006,100.203,14.2588624283087,63.83,2.69398179235446
510,Algeria_2007,Algeria,2007,108.402,14.4882371711438,64.593,2.78412284132069
511,Algeria_2008,Algeria,2008,109.032,14.7358834297614,65.348,2.85692707922188
512,Algeria_2009,Algeria,2009,120.185,14.9996964404175,66.097,2.91408862789023
513,Chile_1993,Chile,1993,33.953,18.4342906559503,83.564,2.03970545005541
514,Chile_1994,Chile,1994,37.517,18.7730696190615,83.896,2.21759816069793
515,Chile_1996,Chile,1996,47.611,19.4209569998332,84.545,2.02504591784311
516,Chile_1997,Chile,1997,55.433,19.7198277949032,84.861,1.9002575731816
517,Chile_1998,Chile,1998,56.787,20.0024450864253,85.172,1.78880206370001
518,Chile_2001,Chile,2001,52.558,20.7851202100246,86.073,1.57293566405491
519,Chile_2002,Chile,2002,54.471,21.0337806577256,86.363,1.52559826223289
520,Chile_2003,Chile,2003,54.864,21.2761817917722,86.648,1.47530453747365
521,Chile_2005,Chile,2005,60.926,21.7451851433429,87.187,1.3775617079126
522,Chile_2007,Chile,2007,70.683,22.1974709898162,87.689,1.2965848761327
523,Chile_2008,Chile,2008,70.795,22.4185267076602,87.926,1.26084497814301
524,Chile_2009,Chile,2009,65.901,22.636798416208,88.155,1.2290186983786
525,Chile_2011,Chile,2011,78.064,23.0666064137119,88.586,1.17004488742691
526,Chile_2012,Chile,2012,79.684,23.2786874001388,88.79,1.14525010904383
527,Thailand_1992,Thailand,1992,105.964,111.930795278827,29.593,1.63032574496449
528,Denmark_1993,Denmark,1993,60.626,121.880037709168,84.898,0.362491945600727
529,Denmark_1995,Denmark,1995,61.602,122.700447796371,84.952,0.369501788366392
530,Denmark_1996,Denmark,1996,74.852,123.341338675465,84.979,0.552739607925013
531,Denmark_1997,Denmark,1997,65.451,124.041338675465,85.006,0.597701841387743
532,Denmark_1998,Denmark,1998,61.219,124.557883572944,85.033,0.447306501950859
533,Denmark_1999,Denmark,1999,58.635,125.011053499882,85.06,0.394925758315833
534,Denmark_2000,Denmark,2000,54.292,125.425382983738,85.086,0.361443444422167
535,Denmark_2001,Denmark,2001,55.879,125.84529813811,85.1,0.350679180938332
536,Denmark_2002,Denmark,2002,55.538,126.297030403017,85.15,0.417063623089164
537,Denmark_2003,Denmark,2003,60.626,126.701178411501,85.25,0.436848120119594
538,Denmark_2004,Denmark,2004,55.076,127.046288003771,85.36,0.400964130257149
539,Denmark_2005,Denmark,2005,51.506,127.375041244403,85.566,0.499468403225543
540,Denmark_2008,Denmark,2008,51.22,128.716427056328,86.293,0.669712104371388
541,Denmark_2009,Denmark,2009,48.816,129.474923403252,86.487,0.812104326450457
542,Denmark_2010,Denmark,2010,49.171,130.169573415037,86.654,0.727990766226651
543,Denmark_2011,Denmark,2011,44.215,130.749069054914,86.795,0.606766049074667
544,Denmark_2013,Denmark,2013,41.746,131.783455102522,87.142,0.588807879418738
545,Philippines_1992,Philippines,1992,48.293,212.886772646477,48.53,2.31269670658826
546,Philippines_1996,Philippines,1996,61.255,233.445816145152,48.29,2.13622191437618
547,Philippines_1997,Philippines,1997,70.062,238.738699399671,48.23,2.11763569269657
548,Philippines_2000,Philippines,2000,72.348,254.948539423819,48.05,2.03584894104013
549,Philippines_2002,Philippines,2002,70.156,265.948136968843,47.684,1.5307315837367
550,Philippines_2003,Philippines,2003,70.215,271.501666834356,47.414,1.49886053391661
551,Philippines_2005,Philippines,2005,73.272,282.494311969682,46.872,1.37355332127769
552,Philippines_2006,Philippines,2006,66.524,287.826454707046,46.603,1.29437084759218
553,Philippines_2008,Philippines,2008,77.301,298.070053996043,46.063,1.12798935880782
554,Philippines_2009,Philippines,2009,76.492,303.086450682497,45.793,1.08107385507018
555,Philippines_2010,Philippines,2010,82.953,308.167823724721,45.524,1.0734871940189
556,Philippines_2011,Philippines,2011,83.743,313.39276922561,45.255,1.08862382369311
557,Portugal_1992,Portugal,1992,50.982,108.855027322404,48.469,0.919091047657425
558,Portugal_1993,Portugal,1993,49.496,108.770426229508,49.13,1.27679359711296
559,Portugal_1994,Portugal,1994,50.277,108.903551912568,49.789,1.45474504705145
560,Portugal_1995,Portugal,1995,54.543,109.196994535519,50.449,1.58596620556751
561,Portugal_1997,Portugal,1997,54.711,109.988469945355,51.77,1.66101801268823
562,Portugal_1998,Portugal,1998,59.268,110.48062295082,52.428,1.7094550472021
563,Portugal_1999,Portugal,1999,66.906,111.040393442623,53.086,1.75264848238131
564,Portugal_2003,Portugal,2003,64.654,113.87574863388,55.666,1.67133444032998
565,Portugal_2004,Portugal,2004,67.495,114.304054644809,56.287,1.48482053370472
566,Portugal_2005,Portugal,2005,69.713,114.577715846995,56.907,1.33460087073959
567,Portugal_2007,Portugal,2007,62.447,115.035399584563,58.137,1.24382847284665
568,Portugal_2008,Portugal,2008,60.123,115.261440909588,58.749,1.2434824546765
569,Portugal_2009,Portugal,2009,57.224,115.427757734776,59.359,1.17714751506627
570,Portugal_2010,Portugal,2010,53.017,115.53784847491,59.964,1.10940421451619
571,Portugal_2011,Portugal,2011,51.815,115.59090412157,60.567,1.04647758108964
572,Portugal_2012,Portugal,2012,49.979,115.421012353777,61.167,0.838690636147976
573,Portugal_2013,Portugal,2013,48.182,114.803406485424,61.758,0.556137788253213
574,Morocco_1993,Morocco,1993,26.779,57.2925431324221,49.844,3.21141725435299
575,Morocco_1994,Morocco,1994,28.124,58.2575509746807,50.569,3.11438392711285
576,Morocco_1995,Morocco,1995,28.75,59.2007819852117,51.295,3.03155796146201
577,Morocco_1996,Morocco,1996,29.525,60.1234438718351,51.692,2.31748467126121
578,Morocco_1997,Morocco,1997,29.978,61.0287922921802,52.022,2.13096054802884
579,Morocco_1998,Morocco,1998,30.881,61.9142303383374,52.35,2.06895285318509
580,Morocco_2000,Morocco,2000,33.199,63.5765247591306,53.007,1.90169205398603
581,Morocco_2001,Morocco,2001,36.806,64.3292023302711,53.335,1.79381658068721
582,Morocco_2002,Morocco,2002,37.306,65.026116961685,53.662,1.6887666677547
583,Morocco_2005,Morocco,2005,44.661,66.8963029352453,54.644,1.50489709810428
584,Morocco_2006,Morocco,2006,46.249,67.5004369258346,55.126,1.77724515555108
585,Morocco_2008,Morocco,2008,51.369,68.7140622899395,56.153,1.80864005052279
586,Morocco_2009,Morocco,2009,50.86,69.3595137799686,56.665,1.84260514862249
587,Morocco_2011,Morocco,2011,54.868,70.8993053999552,57.684,2.04907942110837
588,Morocco_2013,Morocco,2013,56.606,72.8683464037643,58.697,2.29571719921825
589,Switzerland_1992,Switzerland,1992,46.009,172.025044903742,73.781,2.06228209625296
590,Switzerland_1994,Switzerland,1994,42.676,175.523413190316,73.679,0.84151263931515
591,Switzerland_1995,Switzerland,1995,43.413,176.928204609274,73.629,0.729272476726969
592,Switzerland_1998,Switzerland,1998,44.615,179.343385533939,73.476,0.171515949830117
593,Switzerland_1999,Switzerland,1999,44.446,179.881622223347,73.424,0.226328524821519
594,Switzerland_2000,Switzerland,2000,43.618,180.746135357369,73.373,0.407448016457414
595,Switzerland_2001,Switzerland,2001,45.082,181.769304726242,73.322,0.492417448567961
596,Switzerland_2002,Switzerland,2002,43.468,182.9277635807,73.322,0.632775647600983
597,Switzerland_2003,Switzerland,2003,44.652,182.118825,73.36,0.808277148395158
598,Switzerland_2004,Switzerland,2004,45.236,183.475025,73.398,0.79370266468567
599,Switzerland_2005,Switzerland,2005,45.788,184.740625,73.436,0.739183960002048
600,Switzerland_2006,Switzerland,2006,45.373,185.927875,73.474,0.692336456678912
601,Switzerland_2007,Switzerland,2007,43.368,187.09835,73.512,0.679269753268039
602,Switzerland_2009,Switzerland,2009,43.534,191.191875,73.588,1.32226082224108
603,Switzerland_2011,Switzerland,2011,40.985,195.622725,73.663,1.093155085224
604,Iraq_1992,Iraq,1992,58.889,41.1776413562887,69.522,2.50749230682436
605,Iraq_1993,Iraq,1993,63.13,42.4058508814048,69.337,2.67263759481149
606,Uruguay_1993,Uruguay,1993,4.439,18.0245514798309,89.627,1.08386572108015
607,Uruguay_1995,Uruguay,1995,4.557,18.2906810650211,90.245,1.0711885648861
608,Uruguay_1996,Uruguay,1996,5.405,18.4229402354017,90.542,1.04904639085597
609,Uruguay_1997,Uruguay,1997,5.514,18.5555079419495,90.835,1.04008781733426
610,Uruguay_1999,Uruguay,1999,6.682,18.8074334361787,91.45,0.97583147034909
611,Uruguay_2002,Uruguay,2002,4.558,19.0078962404297,92.303,0.476497215716225
612,Uruguay_2003,Uruguay,2003,4.527,19.0121129013827,92.569,0.309936917887126
613,Uruguay_2004,Uruguay,2004,5.565,19.0001771226146,92.828,0.216631894636576
614,Uruguay_2005,Uruguay,2005,5.727,18.9910981602103,93.078,0.221141521619316
615,Uruguay_2006,Uruguay,2006,6.597,18.9987144326363,93.319,0.29867300975399
616,Uruguay_2007,Uruguay,2007,5.948,19.0276368415038,93.553,0.402572281428003
617,Uruguay_2008,Uruguay,2008,8.202,19.0743000799909,93.779,0.486214942284844
618,Uruguay_2009,Uruguay,2009,7.947,19.1343732144898,93.998,0.547703086099516
619,Uruguay_2013,Uruguay,2013,7.492,19.3992286595818,94.803,0.54884992666584
620,Cyprus_1993,Cyprus,1993,5.759,86.6515151515152,67.598,2.82104701075857
621,Cyprus_1994,Cyprus,1994,6.001,88.6162337662338,67.792,2.52859356289133
622,Cyprus_1995,Cyprus,1995,5.872,90.602380952381,67.915,2.39783445846816
623,Cyprus_1996,Cyprus,1996,6.222,92.5745670995671,68.038,2.33446581068229
624,Cyprus_1998,Cyprus,1998,6.607,96.3996753246753,68.283,2.16156898008777
625,Cyprus_2000,Cyprus,2000,7.12,100.161363636364,68.527,2.08171575982069
626,Cyprus_2001,Cyprus,2001,6.994,102.087337662338,68.648,2.08112154601886
627,Cyprus_2002,Cyprus,2002,7.184,104.056385281385,68.769,2.08649562471824
628,Cyprus_2004,Cyprus,2004,7.801,108.024025974026,68.553,1.6412953632564
629,Cyprus_2005,Cyprus,2005,7.955,109.937229437229,68.41,1.54674924434582
630,Cyprus_2006,Cyprus,2006,8.183,111.751731601732,68.268,1.4293223713416
631,Cyprus_2007,Cyprus,2007,8.502,113.453896103896,68.125,1.30197950770958
632,Cyprus_2008,Cyprus,2008,8.714,115.053571428571,67.982,1.18995583861366
633,Cyprus_2009,Cyprus,2009,8.469,116.568073593074,67.839,1.0971632676424
634,Cyprus_2013,Cyprus,2013,6.581,122.185497835498,67.261,0.896320081043538
635,Qatar_1993,Qatar,1993,30.684,42.1710594315245,93.763,1.42315633679358
636,Qatar_1994,Qatar,1994,30.304,42.3769164513351,94.203,0.955192055866591
637,Qatar_1996,Qatar,1996,31.668,43.1657192075797,94.998,1.61904850071222
638,Qatar_2000,Qatar,2000,34.012,49.2812230835487,96.105,4.10857279872871
639,Qatar_2001,Qatar,2001,41.214,51.1363479758829,96.311,3.90934022325604
640,Qatar_2002,Qatar,2002,40.703,52.6966408268734,96.506,3.20774897984713
641,Qatar_2004,Qatar,2004,42.711,56.868044788975,96.868,4.9103475979053
642,Qatar_2005,Qatar,2005,50.69,62.0484926787252,97.105,8.9626945555225
643,Qatar_2006,Qatar,2006,63.197,70.7285960378984,97.449,13.4469620995746
644,Qatar_2007,Qatar,2007,62.901,83.3421188630491,97.754,16.7229695997959
645,Qatar_2009,Qatar,2009,68.597,117.064082687339,98.261,16.7360048259562
646,Qatar_2011,Qatar,2011,79.648,150.707407407407,98.655,11.4029182425712
647,Qatar_2012,Qatar,2012,92.304,164.591042204996,98.812,8.97136990369804
648,Qatar_2013,Qatar,2013,82.697,176.616192937123,98.946,7.18707657059303
649,Italy_1994,Italy,1994,425.797,193.233215463602,66.802,0.150993200701863
650,Italy_1995,Italy,1995,449.826,193.272585087212,66.862,0.110149317664983
651,Italy_1997,Italy,1997,449.754,193.329981979531,66.982,0.117720946939261
652,Italy_1999,Italy,1999,466.425,193.487960286967,67.102,0.118229703401032
653,Italy_2000,Italy,2000,470.493,193.520509333243,67.162,0.106198406299854
654,Italy_2005,Italy,2005,502.26,196.115207044265,67.62,0.823321280014444
655,Italy_2006,Italy,2006,496.892,197.081267423676,67.738,0.665741727415553
656,Italy_2011,Italy,2011,424.278,201.527901679472,68.327,0.480438950517546
657,Italy_2012,Italy,2012,403.447,201.874784116407,68.444,0.343066345015609
658,Netherlands_1994,Netherlands,1994,170.788,452.913744075829,71.1,1.93813794907786
659,Netherlands_1995,Netherlands,1995,172.3,455.65278436019,71.962,1.80802281691116
660,Netherlands_1996,Netherlands,1996,181.453,457.90894549763,72.809,1.66406636064987
661,Netherlands_1999,Netherlands,1999,169.937,465.260930094787,75.25,1.68142954014443
662,Netherlands_2000,Netherlands,2000,171.085,468.367535545024,76.03,1.696704929282
663,Netherlands_2003,Netherlands,2003,179.009,478.345053317536,79.113,2.27331417624889
664,Netherlands_2004,Netherlands,2004,180.896,480.607286729858,80.341,2.01210346020247
665,Netherlands_2006,Netherlands,2006,172.098,483.408412322275,82.63,1.59346880368831
666,Netherlands_2007,Netherlands,2007,171.881,484.185456161137,83.636,1.37073677080826
667,Netherlands_2009,Netherlands,2009,169.539,487.132494075829,85.402,1.40494528793482
668,Netherlands_2010,Netherlands,2010,181.538,490.079691669137,86.242,1.49306321225949
669,Netherlands_2011,Netherlands,2011,168.271,492.599881411207,87.061,1.45809589920064
670,Netherlands_2012,Netherlands,2012,164.7,494.902875778239,87.837,1.35380734608355
671,Israel_1994,Israel,1994,47.475,243.1146025878,90.666,2.7695452221672
672,Israel_1996,Israel,1996,51.936,256.238447319778,90.866,2.77731068326729
673,Israel_1997,Israel,1997,54.866,263.031423290203,90.943,2.70121277101998
674,Israel_1999,Israel,1999,54.756,275.924214417745,91.074,2.35828768280128
675,Israel_2003,Israel,2003,62.415,303.604436229205,91.33,2.08306502848675
676,Israel_2004,Israel,2004,58.679,309.135859519408,91.393,1.8744844325013
677,Israel_2005,Israel,2005,56.524,314.648798521257,91.456,1.83652448597197
678,Israel_2006,Israel,2006,62.149,320.244916820702,91.518,1.83066879022281
679,Israel_2008,Israel,2008,67.98,331.797597042514,91.641,1.84268754417262
680,Israel_2009,Israel,2009,63.861,337.744916820702,91.702,1.8431310987376
681,Israel_2011,Israel,2011,68.595,352.292051756007,91.824,1.89320115452923
682,Israel_2013,Israel,2013,63.132,365.549907578558,91.949,1.91469575954962
683,Malaysia_1992,Malaysia,1992,72.961,56.9470795921473,50.576,4.26076620844788
684,Malaysia_1996,Malaysia,1996,113.442,63.0813392177751,55.688,4.87158917829258
685,Malaysia_1997,Malaysia,1997,122.085,64.708053568711,56.969,4.82032669175091
686,Malaysia_1998,Malaysia,1998,114.238,66.3699132552123,58.237,4.73718021325044
687,Malaysia_2000,Malaysia,2000,126.203,69.6881692284279,60.742,4.46380068684374
688,Malaysia_2003,Malaysia,2003,156.521,74.3077005022067,63.856,3.49281046551842
689,Malaysia_2004,Malaysia,2004,171.102,75.7591051590321,64.78,3.37104325482873
690,Malaysia_2005,Malaysia,2005,181.333,77.2031319433876,65.694,3.28920764472247
691,Malaysia_2006,Malaysia,2006,178.785,78.6591569015371,66.594,3.22908982350008
692,Malaysia_2010,Malaysia,2010,215.935,84.5847633541318,70.075,2.99192695216661
693,Malaysia_2011,Malaysia,2011,216.994,86.062501902298,70.912,2.91931958191962
694,Iceland_1992,Iceland,1992,2.255,2.57154114713217,90.932,1.35933805146219
695,Iceland_1995,Iceland,1995,2.467,2.65357605985037,91.46,1.05609906282791
696,Iceland_1998,Iceland,1998,2.638,2.7045187032419,91.96,0.996408787137823
697,Iceland_1999,Iceland,1999,2.84,2.73363591022444,92.121,1.24597055347544
698,Iceland_2001,Iceland,2001,2.863,2.80503740648379,92.401,1.51427858666661
699,Iceland_2007,Iceland,2007,3.496,3.03024438902743,93.159,2.47851963814189
700,Iceland_2009,Iceland,2009,3.728,3.16622443890274,93.395,1.98483023000493
701,Iceland_2013,Iceland,2013,3.483,3.19916209476309,93.84,0.645018361719184
702,Poland_1995,Poland,1995,362.877,125.837121682066,61.449,0.28426952176847
703,Poland_1996,Poland,1996,377.563,126.008025074276,61.493,0.20729995907156
704,Poland_1998,Poland,1998,339.346,126.186489927846,61.583,0.138552902392538
705,Poland_2000,Poland,2000,317.692,126.221133566228,61.672,0.0646909836665849
706,Poland_2001,Poland,2001,313.823,124.909820758105,61.716,-0.973016273174752
707,Poland_2002,Poland,2002,306.584,124.875366482745,61.761,0.0453020282998503
708,Poland_2003,Poland,2003,319.598,124.81753893369,61.787,-0.0042291273468744
709,Poland_2004,Poland,2004,324.413,124.753689916405,61.676,-0.247301959358141
710,Poland_2006,Poland,2006,337.29,124.589315444129,61.452,-0.226039605840911
711,Poland_2008,Poland,2008,330.454,125.293541495481,61.229,-0.237058174108073
712,Poland_2009,Poland,2009,316.84,125.322986654395,61.116,-0.171087005249751
713,Poland_2010,Poland,2010,334.888,125.416183431953,61.004,-0.115663063732749
714,Poland_2011,Poland,2011,334.306,125.521640368179,60.892,-0.099714543379479
715,Poland_2012,Poland,2012,326.702,126.694581620911,60.78,0.729577618543011
716,Poland_2013,Poland,2013,322.614,125.843749591797,60.688,-0.14702708048906
717,Hungary_1993,Hungary,1993,63.389,115.381562256593,65.587,-0.231053829392222
718,Hungary_1995,Hungary,1995,61.391,115.105219229913,65.335,-0.329547514669628
719,Hungary_1996,Hungary,1996,63.025,114.945081237481,65.209,-0.332255420549398
720,Hungary_1997,Hungary,1997,61.624,114.747807700868,65.083,-0.365186965281562
721,Hungary_1998,Hungary,1998,61.164,114.593385300668,64.956,-0.396785894629779
722,Hungary_1999,Hungary,1999,61.664,114.32706013363,64.829,-0.428381368360846
723,Hungary_2001,Hungary,2001,59.968,113.936297701406,64.575,-0.456240196646938
724,Hungary_2003,Hungary,2003,61.756,113.352019638474,65.081,0.348782883752427
725,Hungary_2005,Hungary,2005,60.278,112.777795135015,65.896,0.398121565451941
726,Hungary_2006,Hungary,2006,59.642,112.566287244727,66.354,0.49374880139025
727,Hungary_2008,Hungary,2008,57.248,112.217163263029,67.368,0.597526369561783
728,Hungary_2010,Hungary,2010,52.069,110.710814094775,68.366,0.573246961690163
729,Hungary_2012,Hungary,2012,46.758,110.148315475533,69.348,0.424270888910431
730,Myanmar_1992,Myanmar,1992,4.842,65.4625378706736,24.724,2.17807134905439
731,Myanmar_1994,Myanmar,1994,6.196,67.4062949475166,25.086,2.2013733537566
732,Myanmar_1998,Myanmar,1998,8.036,71.4025996878538,26.042,2.49021535683643
733,Myanmar_2001,Myanmar,2001,8.681,74.1393028735808,26.968,2.32184557453845
734,Myanmar_2003,Myanmar,2003,9.779,75.3761254093093,27.689,2.09696335565874
735,Myanmar_2004,Myanmar,2004,12.37,75.8593995776846,28.081,2.04489972658074
736,Myanmar_2007,Myanmar,2007,12.794,77.2798598252406,29.386,2.1977141215852
737,Myanmar_2008,Myanmar,2008,9.722,77.77720498225,29.865,2.26603815647081
738,Myanmar_2011,Myanmar,2011,15.068,79.4955010256253,31.405,2.43786344136318
739,Myanmar_2012,Myanmar,2012,11.893,80.1340338900029,31.935,2.47816167769881
740,Mexico_1994,Mexico,1994,351.528,47.148242495949,72.598,2.62751758215702
741,Mexico_1999,Mexico,1999,390.516,51.7908727076314,74.186,2.06039926361063
742,Mexico_2002,Mexico,2002,411.968,54.1885732657733,75.045,1.83305761203365
743,Mexico_2004,Mexico,2004,438.857,55.5859523135883,75.682,1.6606988353278
744,Mexico_2005,Mexico,2005,463.993,56.2676766377736,75.997,1.63432502765473
745,Mexico_2006,Mexico,2006,476.565,56.9622809228632,76.308,1.63529809719802
746,Mexico_2007,Mexico,2007,479.787,57.6746799043185,76.617,1.6470137924724
747,Mexico_2008,Mexico,2008,492.98,58.4016147534659,76.923,1.65112314989511
748,Mexico_2010,Mexico,2010,463.783,59.8897872887677,77.527,1.64509441034289
749,Mexico_2011,Mexico,2011,484.165,60.6427140615757,77.825,1.63299565747443
750,Mexico_2012,Mexico,2012,496.3,61.4013904678618,78.118,1.61907704889628
751,Mexico_2013,Mexico,2013,490.13,62.1659389387587,78.407,1.60674652283755
752,Tunisia_1992,Tunisia,1992,14.891,53.5414521112255,58.756,3.37699633933561
753,Tunisia_1995,Tunisia,1995,15.547,56.7417610710608,61.078,2.98776706674062
754,Tunisia_1997,Tunisia,1997,16.747,58.504763130793,61.87,2.10277499574839
755,Tunisia_2003,Tunisia,2003,20.926,62.9627960865088,64.202,1.7132232273616
756,Tunisia_2006,Tunisia,2006,22.602,64.5532955715757,65.098,1.22781520329423
757,Tunisia_2007,Tunisia,2007,23.684,65.1898815653965,65.266,1.23905276811885
758,Tunisia_2008,Tunisia,2008,24.333,65.8155252317199,65.433,1.21070613378491
759,Tunisia_2010,Tunisia,2010,27.101,67.1961894953656,65.767,1.31877222167457
760,Tunisia_2011,Tunisia,2011,25.526,67.9010041194645,65.934,1.29703489410894
761,Tunisia_2012,Tunisia,2012,26.306,68.7036560247168,66.1,1.42660675321237
762,United Kingdom_1993,United Kingdom,1993,578.635,238.0043896995,78.172,0.347213792691497
763,United Kingdom_1996,United Kingdom,1996,588.188,239.817426528335,78.353,0.341153613981391
764,United Kingdom_2001,United Kingdom,2001,576.314,243.427908899268,78.651,0.433615661051976
765,United Kingdom_2002,United Kingdom,2002,560.066,244.366854048692,78.751,0.512040255282785
766,United Kingdom_2003,United Kingdom,2003,571.472,245.40354234696,79.047,0.798501015283694
767,United Kingdom_2004,United Kingdom,2004,572.904,246.548906708552,79.339,0.834359753141167
768,United Kingdom_2005,United Kingdom,2005,569.962,247.955627660894,79.629,0.93379733417362
769,United Kingdom_2007,United Kingdom,2007,559.236,251.50589013351,80.199,1.08979547464129
770,United Kingdom_2010,United Kingdom,2010,511.632,257.414417393461,81.031,1.09510526789302
771,Greece_1992,Greece,1992,84.983,79.5678200155159,71.635,1.20859248879624
772,Greece_1994,Greece,1994,86.442,81.1910628394104,71.878,1.08674718928708
773,Greece_1995,Greece,1995,86.979,81.8699379363848,71.998,0.999480159141256
774,Greece_1996,Greece,1996,89.132,82.5010473235066,72.119,0.935831731329537
775,Greece_1997,Greece,1997,93.821,83.081249030256,72.239,0.867053158872533
776,Greece_1998,Greece,1998,98.642,83.6035996896819,72.358,0.79135917088198
777,Greece_1999,Greece,1999,97.958,84.0564778898371,72.478,0.705932627321137
778,Greece_2000,Greece,2000,102.999,84.4265321955004,72.597,0.60334089547191
779,Greece_2003,Greece,2003,109.09,85.2111947245927,73.303,0.824839875994622
780,Greece_2005,Greece,2005,113.931,85.7698138091544,74.073,0.858656381422866
781,Greece_2006,Greece,2006,112.472,86.0582854926299,74.452,0.846127719419459
782,Greece_2007,Greece,2007,114.592,86.330077579519,74.827,0.817737765788183
783,Greece_2008,Greece,2008,111.125,86.602032583398,75.199,0.810437913145068
784,Greece_2009,Greece,2009,104.355,86.7838557020946,75.568,0.699226262377636
785,Greece_2010,Greece,2010,97.361,86.7888673390225,75.932,0.486301804878583
786,Greece_2011,Greece,2011,94.55,86.5279596586501,76.292,0.171914858878524
787,Greece_2012,Greece,2012,91.431,86.2933514352211,76.649,0.195350523893619
